age,gender,education,occupation,location,workHours,experience,salary
24,Male,B.Tech,Software Engineer,Bengaluru,45,2,8.5
32,Male,M.Tech,DevOps Engineer,Hyderabad,50,8,24
28,Female,B.E,Frontend Developer,Pune,40,5,12.5
35,Female,MBA,Product Manager,Bengaluru,45,10,32
22,Male,BCA,QA Engineer,Chennai,40,1,4.5
40,Male,PhD,Data Scientist,Gurugram,45,15,45
29,Female,B.Tech,Backend Developer,Hyderabad,40,6,18
31,Male,B.E,Cloud Architect,Bengaluru,50,9,28.5
26,Female,M.Tech,Fullstack Developer,Noida,40,3,9
38,Male,B.Tech,Engineering Manager,Mumbai,55,14,55
33,Female,MBA,Data Scientist,Gurugram,41,11,33.8
49,Female,B.Sc IT,DevOps Engineer,Chennai,50,27,64
31,Male,M.Tech,Cloud Architect,Kolkata,47,9,40.6
29,Female,MCA,QA Engineer,Mumbai,42,7,19.7
36,Male,BCA,Cloud Architect,Kolkata,47,14,50.4
28,Female,BCA,Engineering Manager,Bengaluru,36,6,33
29,Male,B.Sc IT,DevOps Engineer,Hyderabad,46,7,25.5
49,Male,B.Sc IT,Frontend Developer,Mumbai,35,27,73.8
24,Male,MBA,Frontend Developer,Gurugram,52,2,11.6
47,Female,MBA,Frontend Developer,Gurugram,52,25,67.2
36,Female,PhD,DevOps Engineer,Noida,47,14,38.3
21,Female,B.Sc IT,Security Engineer,Chennai,37,0,11.3
45,Male,MCA,Security Engineer,Mumbai,38,23,70.1
28,Male,MBA,Engineering Manager,Mumbai,40,6,43
50,Male,B.Tech,Engineering Manager,Bengaluru,47,28,88.3
24,Female,MCA,Engineering Manager,Bengaluru,42,2,23.4
47,Female,PhD,Engineering Manager,Mumbai,52,25,76.2
46,Male,B.Tech,QA Engineer,Noida,47,24,56.5
30,Male,B.Tech,Data Scientist,Pune,52,8,27.4
30,Male,B.Tech,Cloud Architect,Pune,50,8,40.7
45,Male,MCA,Security Engineer,Hyderabad,45,23,68.3
22,Male,MBA,Product Manager,Pune,45,0,7.3
39,Female,B.Tech,Fullstack Developer,Gurugram,53,17,45.4
21,Male,BCA,Backend Developer,Kolkata,54,0,3.4
35,Female,PhD,QA Engineer,Mumbai,46,13,41.6
27,Female,MBA,Software Engineer,Mumbai,53,5,21.2
32,Male,MBA,Fullstack Developer,Gurugram,51,10,31.2
23,Female,PhD,Product Manager,Pune,45,1,13.9
47,Female,BCA,QA Engineer,Kolkata,46,25,65.2
27,Male,B.Sc IT,Cloud Architect,Pune,50,5,31.7
49,Female,BCA,Cloud Architect,Hyderabad,50,27,78.9
27,Female,MBA,Product Manager,Pune,51,5,18.7
22,Male,B.Sc IT,Backend Developer,Mumbai,49,0,7.7
30,Male,MCA,DevOps Engineer,Noida,41,8,25.8
39,Male,M.Tech,QA Engineer,Kolkata,46,17,55
21,Female,BCA,Data Scientist,Mumbai,36,0,15.7
25,Male,BCA,Fullstack Developer,Gurugram,49,3,10.1
27,Female,B.Tech,Fullstack Developer,Kolkata,43,5,16.5
41,Male,MBA,Fullstack Developer,Noida,47,19,55.1
40,Female,MBA,Frontend Developer,Mumbai,47,18,44.3
31,Male,B.Tech,DevOps Engineer,Kolkata,35,9,27.6
31,Male,M.Tech,QA Engineer,Chennai,40,9,27
42,Female,PhD,Software Engineer,Pune,52,20,49.2
50,Male,B.Sc IT,Product Manager,Bengaluru,37,28,70
36,Female,MBA,Product Manager,Gurugram,41,14,42.3
30,Female,B.Sc IT,Backend Developer,Kolkata,45,8,20
40,Male,M.Tech,Product Manager,Pune,40,18,53.7
44,Female,B.E,Software Engineer,Chennai,53,22,60.7
34,Male,B.Sc IT,Engineering Manager,Gurugram,47,12,48.5
42,Male,BCA,Data Scientist,Noida,41,20,68
22,Male,B.Sc IT,Backend Developer,Pune,51,0,4.4
44,Female,B.Sc IT,QA Engineer,Noida,42,22,56.5
24,Female,B.E,Data Scientist,Gurugram,52,2,16.2
47,Male,M.Tech,DevOps Engineer,Noida,53,25,64.8
25,Female,M.Tech,Cloud Architect,Bengaluru,49,3,31.1
47,Male,BCA,Security Engineer,Pune,48,25,69.2
39,Male,B.Sc IT,Product Manager,Pune,47,17,44.5
31,Female,B.Tech,Product Manager,Noida,50,9,25.2
43,Female,PhD,Security Engineer,Hyderabad,37,21,66.9
41,Male,M.Tech,Product Manager,Chennai,47,19,60
47,Female,B.Tech,Security Engineer,Kolkata,50,25,76.3
32,Male,MCA,Software Engineer,Kolkata,35,10,30.1
40,Female,BCA,Engineering Manager,Noida,52,18,66
33,Male,B.E,QA Engineer,Mumbai,35,11,31.8
49,Male,MCA,Software Engineer,Bengaluru,51,27,80.2
49,Male,PhD,Engineering Manager,Chennai,47,27,88.9
37,Male,B.Sc IT,Software Engineer,Gurugram,44,15,42
23,Female,PhD,QA Engineer,Hyderabad,51,1,13.5
23,Female,PhD,Cloud Architect,Noida,43,1,25.7
39,Female,MCA,QA Engineer,Kolkata,41,17,36.7
22,Female,B.Sc IT,Security Engineer,Pune,51,0,10.4
27,Female,B.Sc IT,Fullstack Developer,Pune,47,5,14.4
27,Male,MBA,Frontend Developer,Kolkata,54,5,19.9
34,Female,PhD,Cloud Architect,Chennai,52,12,54.5
31,Female,B.Sc IT,Security Engineer,Mumbai,39,9,31.6
29,Female,BCA,Security Engineer,Hyderabad,47,7,33
50,Male,MBA,Frontend Developer,Noida,43,28,71.8
30,Female,M.Tech,Software Engineer,Hyderabad,39,8,25.5
44,Female,PhD,QA Engineer,Hyderabad,43,22,66.5
44,Male,M.Tech,Engineering Manager,Noida,43,22,66.9
32,Male,MCA,Product Manager,Pune,47,10,25.9
48,Male,MCA,Frontend Developer,Chennai,49,26,65.1
34,Female,M.Tech,Backend Developer,Hyderabad,37,12,36.5
21,Female,B.Sc IT,Engineering Manager,Chennai,40,0,15
26,Male,MCA,Security Engineer,Gurugram,45,4,21.5
36,Female,MBA,Cloud Architect,Mumbai,43,14,56.5
25,Female,BCA,Fullstack Developer,Mumbai,36,3,16
47,Female,B.Sc IT,Security Engineer,Bengaluru,47,25,62.9
43,Male,MCA,Data Scientist,Pune,54,21,64.5
33,Male,B.Sc IT,Cloud Architect,Gurugram,45,11,45.1
44,Female,MBA,Product Manager,Hyderabad,54,22,55.1
50,Female,BCA,Cloud Architect,Noida,38,28,80.8
45,Male,PhD,Cloud Architect,Mumbai,42,23,97.7
41,Female,B.Tech,Software Engineer,Kolkata,36,19,47.1
35,Male,BCA,Frontend Developer,Chennai,45,13,40.6
34,Male,BCA,Engineering Manager,Gurugram,36,12,44.8
28,Male,MBA,Fullstack Developer,Chennai,46,6,24
38,Female,MBA,Software Engineer,Chennai,44,16,43.9
47,Male,PhD,Fullstack Developer,Mumbai,45,25,70.6
26,Male,B.Sc IT,Backend Developer,Gurugram,45,4,14.2
48,Female,B.E,DevOps Engineer,Gurugram,49,26,60
41,Male,MCA,DevOps Engineer,Gurugram,54,19,45.5
35,Female,BCA,Product Manager,Bengaluru,46,13,38.7
28,Male,B.Sc IT,Backend Developer,Gurugram,42,6,17.2
37,Male,MCA,Backend Developer,Kolkata,54,15,36.8
28,Male,M.Tech,Cloud Architect,Chennai,41,6,38.4
45,Male,B.E,Software Engineer,Pune,46,23,61.4
28,Male,B.Sc IT,Fullstack Developer,Noida,37,6,18.4
30,Female,M.Tech,Data Scientist,Hyderabad,53,8,32.6
45,Female,PhD,Cloud Architect,Gurugram,52,23,74.8
33,Male,B.E,Frontend Developer,Kolkata,51,11,27.7
46,Female,B.Tech,Product Manager,Mumbai,39,24,59.4
36,Female,BCA,QA Engineer,Kolkata,46,14,39.8
23,Male,B.Sc IT,Frontend Developer,Noida,53,1,5.5
34,Male,B.Tech,Frontend Developer,Bengaluru,49,12,36.3
24,Male,B.Tech,Product Manager,Gurugram,39,2,8.9
30,Male,B.Sc IT,Software Engineer,Pune,45,8,23.2
23,Female,PhD,Software Engineer,Noida,54,1,10.4
37,Male,BCA,Fullstack Developer,Kolkata,37,15,41.8
30,Male,B.E,Backend Developer,Pune,37,8,24.2
38,Female,MCA,Fullstack Developer,Chennai,41,16,45.1
33,Male,B.E,Cloud Architect,Mumbai,35,11,44.4
42,Female,MCA,Cloud Architect,Hyderabad,46,20,62.8
25,Male,MCA,Data Scientist,Mumbai,42,3,24.8
40,Male,MBA,Software Engineer,Pune,38,18,50.5
25,Male,MCA,Backend Developer,Mumbai,49,3,13.3
32,Female,BCA,Data Scientist,Noida,43,10,28.9
32,Male,B.Tech,Security Engineer,Bengaluru,42,10,37.6
22,Female,MCA,DevOps Engineer,Bengaluru,52,0,8.3
43,Male,B.Sc IT,QA Engineer,Noida,45,21,53
25,Male,BCA,Product Manager,Noida,53,3,13.1
45,Male,MBA,Product Manager,Noida,47,23,58.1
21,Female,MBA,Data Scientist,Mumbai,40,0,17
25,Male,M.Tech,Cloud Architect,Noida,35,3,27.4
47,Male,M.Tech,DevOps Engineer,Gurugram,53,25,68.2
23,Male,PhD,Backend Developer,Pune,53,1,13.4
28,Male,B.Sc IT,Data Scientist,Chennai,51,6,30
46,Male,B.Tech,Security Engineer,Pune,48,24,81.4
23,Male,M.Tech,Frontend Developer,Kolkata,46,1,9.1
32,Female,BCA,Data Scientist,Noida,38,10,30.7
41,Male,BCA,Data Scientist,Bengaluru,54,19,60.6
26,Male,M.Tech,Engineering Manager,Hyderabad,38,4,33.6
50,Female,B.Sc IT,Backend Developer,Gurugram,41,28,66.1
47,Female,MBA,Software Engineer,Chennai,39,25,68.7
26,Male,MBA,Backend Developer,Chennai,40,4,17.8
42,Female,B.Sc IT,Security Engineer,Chennai,45,20,50.4
21,Female,BCA,QA Engineer,Mumbai,39,0,7.2
29,Female,B.Tech,Fullstack Developer,Hyderabad,41,7,26.1
34,Male,B.E,Security Engineer,Kolkata,42,12,46.7
37,Female,MCA,Backend Developer,Noida,37,15,38.9
42,Male,M.Tech,Software Engineer,Bengaluru,53,20,60.1
23,Male,M.Tech,Backend Developer,Bengaluru,41,1,13.6
27,Male,M.Tech,Backend Developer,Hyderabad,39,5,27
30,Female,B.E,Cloud Architect,Noida,47,8,40.2
48,Female,BCA,Frontend Developer,Gurugram,42,26,70.7
27,Female,BCA,Engineering Manager,Mumbai,53,5,31.3
50,Male,PhD,Frontend Developer,Pune,46,28,93.1
31,Female,B.E,Backend Developer,Noida,47,9,23.1
25,Female,MBA,DevOps Engineer,Bengaluru,45,3,14.5
40,Female,B.Tech,Product Manager,Gurugram,51,18,39.6
21,Female,BCA,DevOps Engineer,Pune,39,0,4
30,Male,BCA,QA Engineer,Pune,45,8,26.5
41,Female,B.Tech,QA Engineer,Pune,44,19,52.5
43,Male,B.E,Engineering Manager,Hyderabad,45,21,71
35,Male,B.E,Engineering Manager,Mumbai,40,13,58.2
43,Male,BCA,Backend Developer,Hyderabad,45,21,52.3
21,Male,M.Tech,Engineering Manager,Chennai,37,0,23.1
35,Male,MCA,Backend Developer,Kolkata,38,13,37.9
23,Male,PhD,QA Engineer,Kolkata,45,1,13.6
48,Male,B.Sc IT,Frontend Developer,Kolkata,35,26,72.2
48,Male,BCA,Software Engineer,Mumbai,44,26,74.7
22,Male,B.Sc IT,Cloud Architect,Gurugram,42,0,19.4
32,Male,BCA,QA Engineer,Kolkata,37,10,28.6
47,Female,PhD,Fullstack Developer,Mumbai,47,25,68.4
21,Female,MCA,Fullstack Developer,Hyderabad,47,0,7.5
43,Male,MCA,Cloud Architect,Hyderabad,38,21,66.3
28,Male,MCA,Data Scientist,Pune,44,6,28.9
41,Male,PhD,Engineering Manager,Hyderabad,52,19,67.6
25,Female,BCA,Software Engineer,Kolkata,45,3,9.2
21,Male,B.E,Data Scientist,Kolkata,53,0,10.7
28,Male,B.E,Cloud Architect,Pune,43,6,29.3
21,Male,M.Tech,Engineering Manager,Pune,47,0,24
36,Male,BCA,Engineering Manager,Kolkata,54,14,61.3
44,Male,B.Tech,Software Engineer,Gurugram,52,22,55.1
22,Male,MBA,QA Engineer,Gurugram,38,0,6.9
33,Male,MBA,Fullstack Developer,Noida,42,11,31.8
43,Male,B.Tech,Cloud Architect,Noida,42,21,80.1
34,Female,PhD,Software Engineer,Mumbai,36,12,38.6
35,Female,MBA,Backend Developer,Mumbai,44,13,40.2
50,Female,MCA,QA Engineer,Noida,38,28,67
43,Male,B.Tech,Backend Developer,Hyderabad,36,21,57.6
42,Female,MCA,Frontend Developer,Noida,40,20,47.8
31,Female,MCA,QA Engineer,Bengaluru,43,9,28.8
22,Male,M.Tech,Engineering Manager,Kolkata,40,0,23
33,Female,M.Tech,Security Engineer,Chennai,44,11,38.3
32,Female,B.E,Fullstack Developer,Gurugram,54,10,27.5
22,Male,PhD,Security Engineer,Kolkata,43,0,16.2
26,Male,M.Tech,Cloud Architect,Gurugram,43,4,35.2
36,Female,PhD,Frontend Developer,Gurugram,41,14,36.4
44,Male,MCA,DevOps Engineer,Gurugram,52,22,51.9
39,Female,B.Tech,Frontend Developer,Kolkata,52,17,44.6
43,Male,M.Tech,Frontend Developer,Chennai,40,21,61.8
24,Female,B.E,Product Manager,Mumbai,38,2,11.1
40,Male,B.Sc IT,Security Engineer,Chennai,39,18,64.6
34,Female,B.E,DevOps Engineer,Chennai,44,12,28.9
40,Male,MBA,Product Manager,Pune,42,18,53.4
44,Male,B.Tech,Cloud Architect,Hyderabad,47,22,69.1
24,Male,MCA,Security Engineer,Hyderabad,43,2,19.2
28,Male,BCA,Data Scientist,Noida,54,6,29.5
39,Male,B.Tech,Fullstack Developer,Kolkata,43,17,45.2
29,Male,BCA,Cloud Architect,Kolkata,38,7,41
30,Female,MCA,Product Manager,Bengaluru,53,8,25.7
27,Male,BCA,Frontend Developer,Pune,48,5,15.7
46,Female,B.Sc IT,Product Manager,Noida,37,24,64
26,Male,M.Tech,Software Engineer,Pune,35,4,19.4
31,Male,MCA,Security Engineer,Noida,37,9,39.3
39,Male,B.Tech,Software Engineer,Pune,48,17,40.9
28,Female,PhD,DevOps Engineer,Hyderabad,42,6,26
48,Female,BCA,DevOps Engineer,Bengaluru,52,26,66.1
35,Male,B.E,Fullstack Developer,Chennai,54,13,33.9
24,Male,B.Tech,Data Scientist,Noida,36,2,15.2
41,Female,PhD,DevOps Engineer,Bengaluru,40,19,52.8
35,Female,B.Tech,Frontend Developer,Mumbai,53,13,37.9
41,Female,B.Tech,Data Scientist,Chennai,37,19,52.9
32,Male,B.Tech,Data Scientist,Kolkata,39,10,33.2
23,Female,M.Tech,Fullstack Developer,Hyderabad,51,1,12.5
32,Female,M.Tech,Fullstack Developer,Gurugram,50,10,33.1
27,Female,B.E,QA Engineer,Noida,39,5,13.6
23,Female,B.Tech,Backend Developer,Gurugram,52,1,5.8
29,Male,B.Tech,Frontend Developer,Noida,35,7,23.4
31,Female,MCA,Data Scientist,Chennai,35,9,28.7
48,Male,B.E,DevOps Engineer,Mumbai,44,26,67.3
43,Male,PhD,Software Engineer,Hyderabad,49,21,77.5
24,Male,B.Tech,Data Scientist,Pune,39,2,17.5
24,Male,B.Tech,DevOps Engineer,Kolkata,36,2,9
27,Male,B.Sc IT,Fullstack Developer,Chennai,50,5,16.7
34,Male,BCA,Engineering Manager,Mumbai,48,12,49
25,Male,MCA,QA Engineer,Bengaluru,47,3,14.7
34,Male,M.Tech,DevOps Engineer,Kolkata,48,12,41.2
22,Female,PhD,Product Manager,Bengaluru,46,0,15.1
48,Female,BCA,Data Scientist,Pune,38,26,61.8
22,Male,MCA,Backend Developer,Kolkata,39,0,4
49,Male,BCA,Software Engineer,Chennai,54,27,68.7
22,Male,M.Tech,Fullstack Developer,Mumbai,40,0,10.6
25,Male,MBA,Cloud Architect,Kolkata,52,3,28.4
41,Male,M.Tech,QA Engineer,Bengaluru,50,19,59.7
46,Male,PhD,Engineering Manager,Pune,39,24,98.6
38,Male,PhD,Fullstack Developer,Chennai,42,16,50
42,Male,MBA,Data Scientist,Pune,39,20,66.7
38,Male,M.Tech,DevOps Engineer,Chennai,48,16,45.1
44,Female,MBA,Frontend Developer,Gurugram,54,22,54.2
47,Male,M.Tech,Frontend Developer,Mumbai,36,25,63.3
44,Male,M.Tech,Security Engineer,Noida,41,22,61.3
39,Female,B.Tech,Product Manager,Chennai,41,17,43
50,Male,B.Tech,Backend Developer,Pune,43,28,64.7
40,Male,B.Sc IT,Engineering Manager,Mumbai,42,18,76.6
44,Male,BCA,Fullstack Developer,Pune,51,22,61.3
44,Male,MCA,Fullstack Developer,Pune,40,22,64.7
45,Male,PhD,Product Manager,Chennai,44,23,76.3
50,Female,B.E,Engineering Manager,Gurugram,47,28,89.4
30,Male,B.E,Product Manager,Bengaluru,54,8,31.3
21,Female,B.Sc IT,Software Engineer,Chennai,40,0,3.4
21,Male,BCA,Engineering Manager,Chennai,40,0,21.6
48,Female,MBA,Cloud Architect,Gurugram,40,26,78.7
44,Male,MBA,Security Engineer,Chennai,49,22,65.6
30,Male,B.E,Product Manager,Gurugram,37,8,27.3
43,Male,M.Tech,Product Manager,Gurugram,44,21,68.4
21,Female,B.Tech,Software Engineer,Kolkata,37,0,3.9
44,Male,M.Tech,Backend Developer,Noida,54,22,64.8
38,Female,B.Tech,Frontend Developer,Chennai,49,16,42.8
48,Female,MCA,Data Scientist,Hyderabad,45,26,79.8
37,Male,MCA,DevOps Engineer,Chennai,35,15,39.4
50,Female,B.E,Product Manager,Bengaluru,43,28,77.1
48,Male,B.E,Backend Developer,Gurugram,48,26,61.7
34,Female,BCA,Security Engineer,Kolkata,50,12,32.3
42,Female,B.Sc IT,Data Scientist,Bengaluru,49,20,57.9
50,Male,PhD,Software Engineer,Bengaluru,49,28,93.3
41,Female,B.Sc IT,Backend Developer,Bengaluru,44,19,57.4
38,Male,BCA,QA Engineer,Noida,41,16,47.3
27,Male,M.Tech,Engineering Manager,Mumbai,45,5,42.2
24,Female,BCA,Fullstack Developer,Mumbai,37,2,11.1
30,Male,MBA,QA Engineer,Chennai,48,8,24.1
24,Male,PhD,Security Engineer,Chennai,35,2,24.1
25,Male,B.Tech,QA Engineer,Gurugram,40,3,10.9
22,Female,MCA,Backend Developer,Gurugram,36,0,3.8
28,Female,B.Sc IT,Security Engineer,Mumbai,52,6,24.8
26,Male,BCA,Fullstack Developer,Hyderabad,46,4,19.4
24,Male,B.E,Cloud Architect,Kolkata,41,2,23.1
38,Female,MCA,Engineering Manager,Gurugram,35,16,52.9
45,Male,B.E,Backend Developer,Kolkata,41,23,61.5
28,Female,MCA,Fullstack Developer,Hyderabad,37,6,18.8
31,Male,PhD,Engineering Manager,Hyderabad,42,9,59
28,Male,M.Tech,Engineering Manager,Mumbai,38,6,40.1
35,Male,M.Tech,DevOps Engineer,Gurugram,36,13,38.3
48,Male,B.Tech,Engineering Manager,Gurugram,40,26,81.7
24,Male,MCA,Fullstack Developer,Gurugram,47,2,9.3
29,Female,PhD,QA Engineer,Chennai,37,7,28.2
40,Male,M.Tech,QA Engineer,Chennai,43,18,50.5
41,Male,B.E,Frontend Developer,Mumbai,50,19,56.6
49,Male,BCA,Cloud Architect,Gurugram,37,27,74.6
27,Female,B.Tech,Security Engineer,Mumbai,46,5,25.5
49,Female,PhD,Frontend Developer,Gurugram,35,27,76.8
34,Male,MCA,Security Engineer,Mumbai,38,12,43.3
49,Male,B.Tech,Security Engineer,Bengaluru,48,27,72
29,Female,PhD,Fullstack Developer,Bengaluru,47,7,27.1
47,Male,B.Tech,DevOps Engineer,Pune,35,25,62.4
47,Female,M.Tech,Backend Developer,Hyderabad,38,25,65.1
30,Male,B.Sc IT,DevOps Engineer,Pune,36,8,22.4
30,Male,MBA,Frontend Developer,Gurugram,42,8,29
32,Female,MBA,Product Manager,Hyderabad,53,10,31.6
50,Male,B.Tech,Product Manager,Chennai,38,28,83.1
38,Female,M.Tech,Frontend Developer,Pune,38,16,37.6
42,Female,MCA,Fullstack Developer,Mumbai,47,20,50
25,Female,MCA,Security Engineer,Bengaluru,45,3,23.1
28,Male,MCA,Data Scientist,Chennai,52,6,26.8
30,Female,M.Tech,Frontend Developer,Chennai,52,8,27.7
42,Male,PhD,QA Engineer,Chennai,43,20,67.8
23,Female,PhD,QA Engineer,Mumbai,51,1,17
44,Male,M.Tech,Frontend Developer,Mumbai,42,22,72.7
33,Male,B.Tech,Software Engineer,Kolkata,35,11,27
28,Male,B.E,Fullstack Developer,Noida,51,6,16.6
29,Female,MBA,Frontend Developer,Pune,46,7,21.7
30,Female,B.Tech,Frontend Developer,Bengaluru,45,8,24.5
50,Female,B.E,Fullstack Developer,Chennai,47,28,70.7
22,Male,MCA,Software Engineer,Kolkata,47,0,3.9
37,Male,MCA,Backend Developer,Mumbai,49,15,44.8
21,Male,B.Sc IT,Fullstack Developer,Hyderabad,36,0,8.5
35,Male,MCA,Frontend Developer,Kolkata,45,13,34.9
31,Female,PhD,Security Engineer,Pune,36,9,36.8
40,Female,MCA,Cloud Architect,Kolkata,45,18,51.8
36,Female,MBA,Data Scientist,Gurugram,50,14,45.2
48,Female,MBA,Software Engineer,Kolkata,52,26,63.5
32,Male,MBA,Software Engineer,Hyderabad,47,10,32.7
21,Female,B.Sc IT,Engineering Manager,Pune,49,0,17.7
39,Male,PhD,Cloud Architect,Noida,53,17,71.8
45,Female,BCA,Fullstack Developer,Pune,46,23,54.6
37,Female,PhD,Cloud Architect,Hyderabad,46,15,52.7
25,Male,MCA,Software Engineer,Kolkata,42,3,10.4
29,Female,B.Sc IT,Data Scientist,Bengaluru,35,7,28.4
33,Male,MCA,Backend Developer,Mumbai,51,11,36.9
41,Female,B.Sc IT,Security Engineer,Kolkata,48,19,47.1
40,Male,MCA,Engineering Manager,Chennai,45,18,68.9
37,Female,MCA,Frontend Developer,Kolkata,39,15,34
48,Male,B.Sc IT,Fullstack Developer,Mumbai,52,26,67.2
29,Male,MCA,Cloud Architect,Mumbai,51,7,45.2
44,Male,B.E,Security Engineer,Noida,43,22,63.3
32,Male,M.Tech,Product Manager,Kolkata,46,10,29.8
28,Female,B.Sc IT,Backend Developer,Kolkata,50,6,16.2
36,Male,B.E,QA Engineer,Gurugram,41,14,34.8
29,Female,B.Tech,QA Engineer,Noida,35,7,19.5
34,Female,M.Tech,QA Engineer,Chennai,39,12,31.7
25,Female,BCA,Product Manager,Gurugram,48,3,9.3
48,Male,MCA,Engineering Manager,Gurugram,44,26,94.4
21,Male,B.E,DevOps Engineer,Pune,37,0,3.7
26,Male,M.Tech,Fullstack Developer,Kolkata,35,4,18.8
44,Male,MBA,Data Scientist,Noida,35,22,74.7
43,Female,B.E,QA Engineer,Pune,46,21,52.8
39,Female,PhD,Software Engineer,Kolkata,35,17,49.2
31,Female,MCA,Backend Developer,Pune,47,9,22.6
24,Male,B.E,Engineering Manager,Hyderabad,54,2,26.4
35,Male,MBA,Frontend Developer,Chennai,40,13,42.7
29,Male,M.Tech,Product Manager,Hyderabad,39,7,24.6
37,Male,MCA,QA Engineer,Mumbai,36,15,40.1
42,Male,MBA,Frontend Developer,Gurugram,41,20,61.9
36,Male,BCA,Product Manager,Chennai,43,14,33.6
46,Male,MBA,Frontend Developer,Kolkata,40,24,67.5
50,Male,BCA,QA Engineer,Noida,54,28,82.8
41,Male,BCA,Backend Developer,Chennai,40,19,48.3
28,Female,MBA,Data Scientist,Gurugram,46,6,30.4
23,Male,MBA,QA Engineer,Chennai,51,1,8.9
22,Female,B.E,Product Manager,Chennai,45,0,3.4
28,Female,MBA,DevOps Engineer,Chennai,53,6,17.2
23,Male,M.Tech,Engineering Manager,Pune,36,1,25.4
36,Male,BCA,Data Scientist,Noida,41,14,53.9
24,Male,B.E,Engineering Manager,Hyderabad,40,2,28.6
27,Female,MBA,Product Manager,Pune,47,5,16.7
25,Male,M.Tech,Frontend Developer,Hyderabad,49,3,17.4
36,Female,MCA,Product Manager,Bengaluru,48,14,34.1
25,Female,B.E,Software Engineer,Noida,45,3,9.4
47,Female,BCA,DevOps Engineer,Pune,37,25,62.8
27,Male,B.E,Data Scientist,Pune,49,5,22.1
34,Male,B.E,Backend Developer,Gurugram,43,12,34.4
35,Female,MCA,Backend Developer,Pune,37,13,31.3
50,Female,B.Tech,Data Scientist,Gurugram,40,28,81.5
47,Female,PhD,QA Engineer,Bengaluru,40,25,72.4
36,Male,MBA,Security Engineer,Mumbai,39,14,52.5
37,Female,BCA,Data Scientist,Mumbai,45,15,44.8
34,Female,M.Tech,Security Engineer,Gurugram,46,12,40.4
33,Female,PhD,Software Engineer,Noida,47,11,36.9
36,Female,B.E,Cloud Architect,Noida,49,14,47.3
50,Male,B.Sc IT,Cloud Architect,Noida,45,28,76.8
34,Female,B.E,Engineering Manager,Hyderabad,54,12,42.9
35,Male,B.Sc IT,Security Engineer,Kolkata,48,13,38.4
50,Male,B.Sc IT,Backend Developer,Mumbai,41,28,83.7
43,Female,B.Sc IT,Product Manager,Mumbai,40,21,49.2
40,Female,B.E,DevOps Engineer,Gurugram,53,18,40.7
38,Male,B.E,QA Engineer,Hyderabad,43,16,45.5
25,Female,B.E,Fullstack Developer,Kolkata,44,3,11.6
45,Male,PhD,Engineering Manager,Gurugram,46,23,91.8
40,Male,MCA,Data Scientist,Noida,38,18,58.2
28,Female,M.Tech,QA Engineer,Gurugram,53,6,22.2
50,Male,B.E,Software Engineer,Gurugram,50,28,84.9
30,Male,B.Sc IT,Product Manager,Gurugram,40,8,26.2
46,Female,B.Tech,QA Engineer,Gurugram,40,24,59.6
25,Female,B.Sc IT,Cloud Architect,Bengaluru,37,3,30.9
40,Female,B.Sc IT,DevOps Engineer,Hyderabad,53,18,44.5
34,Female,MBA,Frontend Developer,Kolkata,44,12,29.8
21,Male,BCA,Backend Developer,Kolkata,40,0,3.4
24,Male,BCA,Security Engineer,Pune,53,2,18.2
28,Male,B.Sc IT,DevOps Engineer,Chennai,42,6,20.8
26,Male,M.Tech,Product Manager,Bengaluru,43,4,21.8
24,Male,PhD,Security Engineer,Bengaluru,48,2,27.5
27,Male,B.Tech,Data Scientist,Noida,46,5,22.7
31,Male,PhD,Fullstack Developer,Kolkata,35,9,37.9
32,Male,MCA,Data Scientist,Bengaluru,42,10,37.7
31,Female,M.Tech,Software Engineer,Hyderabad,35,9,30.4
30,Female,PhD,Frontend Developer,Mumbai,46,8,33.1
43,Male,B.Sc IT,Frontend Developer,Bengaluru,45,21,64
35,Male,B.Tech,Engineering Manager,Kolkata,47,13,52.8
45,Male,B.Tech,Frontend Developer,Gurugram,42,23,58.5
50,Female,PhD,Cloud Architect,Chennai,38,28,84.8
29,Female,MBA,Backend Developer,Hyderabad,50,7,25.8
32,Male,MBA,QA Engineer,Mumbai,54,10,35.6
36,Male,MBA,Software Engineer,Kolkata,38,14,36.8
27,Male,BCA,Fullstack Developer,Gurugram,53,5,18
47,Male,MCA,QA Engineer,Mumbai,38,25,66.3
33,Male,MBA,Engineering Manager,Kolkata,51,11,51.8
33,Female,B.E,DevOps Engineer,Pune,37,11,31.3
39,Male,MCA,DevOps Engineer,Pune,40,17,45
25,Female,M.Tech,DevOps Engineer,Mumbai,40,3,15.7
36,Female,PhD,Software Engineer,Kolkata,54,14,43.2
33,Female,B.Sc IT,Security Engineer,Mumbai,41,11,38.9
47,Male,MBA,Fullstack Developer,Bengaluru,36,25,81.7
34,Female,B.Tech,Engineering Manager,Pune,47,12,49.1
24,Male,BCA,QA Engineer,Hyderabad,48,2,11.5
39,Male,MBA,Product Manager,Kolkata,44,17,47.9
45,Male,M.Tech,Data Scientist,Mumbai,54,23,70.9
25,Female,BCA,Fullstack Developer,Bengaluru,43,3,14.2
45,Male,B.Tech,QA Engineer,Pune,40,23,52.5
50,Male,B.Sc IT,Engineering Manager,Gurugram,51,28,95.1
43,Female,MCA,Product Manager,Pune,36,21,44.1
48,Male,B.Tech,Fullstack Developer,Gurugram,53,26,65.6
44,Female,MCA,Backend Developer,Bengaluru,51,22,59.9
31,Female,M.Tech,Backend Developer,Kolkata,46,9,24.3
43,Female,B.Tech,Cloud Architect,Mumbai,54,21,61.7
50,Male,B.E,Security Engineer,Noida,46,28,70.7
21,Male,M.Tech,Engineering Manager,Pune,45,0,23.2
46,Male,B.Tech,Fullstack Developer,Pune,47,24,61.6
48,Female,MBA,Fullstack Developer,Noida,35,26,70.4
25,Male,BCA,Backend Developer,Noida,39,3,11.7
28,Female,PhD,Data Scientist,Hyderabad,53,6,29.7
35,Male,B.E,Security Engineer,Noida,46,13,38.3
50,Male,M.Tech,Product Manager,Kolkata,48,28,67.6
41,Male,MCA,Software Engineer,Chennai,46,19,52.7
49,Female,MBA,Security Engineer,Bengaluru,39,27,79.6
36,Male,MCA,Fullstack Developer,Mumbai,51,14,38.1
50,Male,B.E,Backend Developer,Chennai,37,28,76.2
45,Male,MBA,Frontend Developer,Noida,35,23,57.4
32,Female,B.E,Security Engineer,Bengaluru,52,10,37.5
21,Male,PhD,Fullstack Developer,Bengaluru,47,0,12.9
38,Male,B.E,Security Engineer,Bengaluru,38,16,57.6
39,Female,MCA,Data Scientist,Chennai,42,17,46
46,Female,M.Tech,Software Engineer,Gurugram,42,24,68.8
24,Female,M.Tech,Software Engineer,Gurugram,50,2,9.7
24,Male,MCA,DevOps Engineer,Noida,41,2,10.2
43,Male,B.Sc IT,DevOps Engineer,Hyderabad,39,21,54.4
45,Female,B.Sc IT,Data Scientist,Chennai,41,23,66.3
30,Male,B.E,Data Scientist,Bengaluru,47,8,38.9
36,Male,MCA,QA Engineer,Mumbai,39,14,40.2
35,Female,B.Tech,QA Engineer,Chennai,41,13,34.6
45,Female,MCA,Security Engineer,Noida,44,23,63
42,Male,B.Sc IT,Software Engineer,Gurugram,48,20,56.6
34,Male,MBA,Cloud Architect,Gurugram,45,12,44.3
45,Male,B.Sc IT,Product Manager,Bengaluru,50,23,57.6
28,Male,B.Sc IT,DevOps Engineer,Bengaluru,43,6,21.9
42,Female,B.E,Backend Developer,Mumbai,37,20,47.4
39,Male,B.Sc IT,Backend Developer,Pune,47,17,43.6
37,Male,M.Tech,Backend Developer,Hyderabad,48,15,48
38,Male,PhD,Frontend Developer,Chennai,40,16,43.7
50,Female,M.Tech,Cloud Architect,Gurugram,45,28,93.3
38,Male,B.E,Fullstack Developer,Gurugram,40,16,43.4
35,Male,MCA,Product Manager,Bengaluru,41,13,45.1
47,Female,B.E,Frontend Developer,Kolkata,49,25,55.9
40,Male,B.Tech,DevOps Engineer,Pune,53,18,49.4
46,Female,BCA,Cloud Architect,Pune,50,24,80.7
45,Male,BCA,Cloud Architect,Pune,48,23,65.3
25,Male,MBA,Product Manager,Bengaluru,44,3,18.4
34,Male,MCA,Frontend Developer,Bengaluru,37,12,41.5
38,Female,B.Tech,Engineering Manager,Bengaluru,41,16,58.2
48,Male,B.Tech,Software Engineer,Bengaluru,48,26,80.9
43,Female,M.Tech,Data Scientist,Noida,47,21,60.8
48,Female,B.Tech,Product Manager,Gurugram,52,26,64.6
25,Female,B.E,Software Engineer,Gurugram,50,3,9.4
31,Female,B.Tech,Security Engineer,Chennai,45,9,30.2
48,Female,M.Tech,Cloud Architect,Mumbai,49,26,84.3
34,Female,MCA,Frontend Developer,Chennai,39,12,32.2
46,Female,BCA,Fullstack Developer,Hyderabad,54,24,62.4
26,Female,PhD,Backend Developer,Mumbai,45,4,24.9
35,Male,B.Sc IT,QA Engineer,Mumbai,47,13,40.3
49,Male,B.Sc IT,Product Manager,Mumbai,46,27,70
30,Female,PhD,Backend Developer,Chennai,47,8,30.1
48,Female,B.E,DevOps Engineer,Hyderabad,39,26,62.2
38,Female,PhD,Security Engineer,Kolkata,37,16,47
21,Female,PhD,Frontend Developer,Noida,47,0,8.7
33,Male,PhD,Backend Developer,Chennai,52,11,36.2
36,Male,BCA,Backend Developer,Hyderabad,39,14,41.2
21,Female,M.Tech,Fullstack Developer,Hyderabad,46,0,9.7
50,Female,B.Sc IT,Data Scientist,Kolkata,41,28,76.6
21,Male,PhD,Data Scientist,Hyderabad,40,0,26.3
28,Male,BCA,DevOps Engineer,Hyderabad,40,6,23.6
42,Female,BCA,Data Scientist,Chennai,40,20,53.9
23,Male,B.Tech,Product Manager,Mumbai,37,1,11.2
31,Female,BCA,Cloud Architect,Mumbai,35,9,42.4
40,Male,B.Tech,Fullstack Developer,Hyderabad,51,18,45.5
46,Female,B.Tech,Product Manager,Noida,38,24,49.4
34,Male,MBA,Engineering Manager,Noida,47,12,54.6
36,Female,B.Tech,Frontend Developer,Pune,53,14,35.5
32,Male,PhD,Data Scientist,Noida,51,10,37.5
26,Male,MCA,Data Scientist,Noida,47,4,25.2
41,Male,PhD,QA Engineer,Hyderabad,46,19,70.7
37,Male,MBA,Product Manager,Hyderabad,47,15,44.8
45,Male,B.Sc IT,DevOps Engineer,Kolkata,52,23,61.5
34,Male,B.Tech,DevOps Engineer,Noida,47,12,35.9
29,Male,MBA,Software Engineer,Bengaluru,49,7,24.9
43,Female,MBA,Fullstack Developer,Mumbai,46,21,50.5
39,Female,PhD,Fullstack Developer,Noida,47,17,46.8
26,Female,PhD,Cloud Architect,Gurugram,44,4,30
42,Male,PhD,Software Engineer,Bengaluru,50,20,61.1
48,Male,MBA,DevOps Engineer,Noida,45,26,74.8
32,Male,B.Sc IT,Security Engineer,Hyderabad,35,10,35
28,Male,B.Tech,Engineering Manager,Mumbai,39,6,35.7
21,Female,BCA,Security Engineer,Noida,38,0,11.1
34,Male,BCA,Security Engineer,Kolkata,42,12,44.9
33,Female,B.E,Frontend Developer,Bengaluru,36,11,29.2
26,Male,BCA,Software Engineer,Pune,35,4,14.4
49,Male,MBA,Frontend Developer,Pune,44,27,79
28,Female,MCA,Frontend Developer,Bengaluru,43,6,21.2
50,Male,MCA,Security Engineer,Mumbai,39,28,74.6
42,Male,M.Tech,QA Engineer,Kolkata,36,20,55.2
37,Male,BCA,Security Engineer,Gurugram,45,15,48.8
39,Male,MBA,Backend Developer,Gurugram,53,17,47
49,Male,MCA,Software Engineer,Hyderabad,53,27,74.7
49,Male,BCA,Security Engineer,Kolkata,51,27,71.6
50,Male,BCA,Frontend Developer,Mumbai,40,28,84.9
21,Male,M.Tech,Product Manager,Bengaluru,48,0,12
46,Female,MCA,QA Engineer,Gurugram,38,24,63.3
26,Female,B.Tech,Product Manager,Mumbai,48,4,14.5
36,Female,B.Tech,Frontend Developer,Kolkata,45,14,33.9
36,Male,B.Tech,Product Manager,Noida,50,14,43.3
28,Female,MCA,Engineering Manager,Pune,51,6,27.8
24,Male,B.E,Engineering Manager,Kolkata,40,2,26
27,Male,BCA,Product Manager,Kolkata,43,5,15.8
40,Male,B.Sc IT,QA Engineer,Chennai,54,18,42.5
39,Female,B.E,Backend Developer,Bengaluru,38,17,47.2
36,Male,MCA,Cloud Architect,Noida,54,14,56.3
39,Male,B.Sc IT,Data Scientist,Chennai,35,17,48.3
23,Female,BCA,DevOps Engineer,Noida,37,1,6
35,Male,BCA,Product Manager,Chennai,39,13,33.6
26,Male,PhD,QA Engineer,Bengaluru,36,4,28.4
38,Female,MBA,QA Engineer,Hyderabad,48,16,40.9
49,Male,BCA,Engineering Manager,Gurugram,40,27,81.6
34,Male,BCA,Fullstack Developer,Bengaluru,51,12,35.3
37,Male,MCA,Engineering Manager,Noida,40,15,61
34,Female,B.Tech,QA Engineer,Kolkata,43,12,26.1
42,Female,PhD,QA Engineer,Mumbai,43,20,59.9
24,Male,B.Tech,Fullstack Developer,Kolkata,41,2,8.7
44,Male,B.Tech,Engineering Manager,Chennai,54,22,68.8
27,Male,MBA,QA Engineer,Pune,48,5,20.7
38,Male,B.Sc IT,Frontend Developer,Noida,51,16,40
26,Male,MBA,Data Scientist,Gurugram,42,4,28.1
36,Male,PhD,DevOps Engineer,Gurugram,36,14,39.8
25,Female,BCA,Frontend Developer,Kolkata,38,3,11
29,Male,PhD,Backend Developer,Pune,51,7,31.6
48,Female,PhD,Software Engineer,Hyderabad,35,26,82
23,Male,PhD,Security Engineer,Kolkata,46,1,22.1
37,Male,MCA,Product Manager,Bengaluru,52,15,41.7
29,Female,BCA,Frontend Developer,Pune,45,7,19.1
22,Male,B.Tech,Engineering Manager,Noida,36,0,19.3
23,Male,B.Sc IT,Cloud Architect,Chennai,46,1,21.9
27,Male,PhD,Security Engineer,Mumbai,53,5,38.6
34,Female,MCA,Backend Developer,Gurugram,45,12,32.5
24,Male,PhD,Product Manager,Mumbai,50,2,17.6
29,Female,BCA,Software Engineer,Hyderabad,49,7,21.8
22,Male,PhD,Cloud Architect,Mumbai,43,0,27.1
22,Male,M.Tech,Cloud Architect,Noida,47,0,21.1
27,Male,PhD,Fullstack Developer,Pune,40,5,21.5
42,Male,MBA,Cloud Architect,Kolkata,48,20,78.8
49,Male,B.E,Fullstack Developer,Bengaluru,45,27,68.2
31,Female,B.E,Security Engineer,Pune,36,9,26.8
48,Male,M.Tech,Software Engineer,Gurugram,40,26,70.1
33,Female,PhD,Product Manager,Noida,49,11,29.7
50,Female,B.E,QA Engineer,Bengaluru,54,28,73.2
41,Male,PhD,Frontend Developer,Gurugram,37,19,61.7
40,Male,BCA,Cloud Architect,Mumbai,35,18,67.3
45,Male,BCA,QA Engineer,Chennai,43,23,62.6
24,Male,B.Sc IT,Backend Developer,Bengaluru,47,2,11.9
30,Male,PhD,Data Scientist,Bengaluru,36,8,46.5
27,Female,PhD,Security Engineer,Chennai,35,5,29.3
45,Female,M.Tech,QA Engineer,Chennai,39,23,58.6
28,Female,MBA,Backend Developer,Gurugram,53,6,21.9
34,Male,MCA,DevOps Engineer,Gurugram,40,12,31.2
23,Male,B.Sc IT,Engineering Manager,Chennai,50,1,19
30,Male,BCA,Backend Developer,Noida,36,8,23.9
34,Male,MCA,DevOps Engineer,Bengaluru,46,12,34.9
40,Female,PhD,Backend Developer,Bengaluru,37,18,49.8
35,Female,MCA,Fullstack Developer,Kolkata,52,13,36.4
41,Male,MCA,Fullstack Developer,Hyderabad,46,19,50.3
50,Male,MCA,DevOps Engineer,Chennai,40,28,81.4
29,Male,B.Sc IT,Security Engineer,Pune,44,7,26.7
50,Female,B.E,Backend Developer,Mumbai,47,28,66.4
22,Male,PhD,Software Engineer,Gurugram,43,0,10.3
38,Female,BCA,Product Manager,Hyderabad,42,16,43.5
25,Female,B.Tech,Fullstack Developer,Kolkata,51,3,11.5
39,Female,BCA,Engineering Manager,Noida,53,17,62
29,Female,M.Tech,Product Manager,Chennai,40,7,22.1
34,Male,PhD,Software Engineer,Noida,40,12,41
28,Male,B.E,Frontend Developer,Chennai,51,6,17.7
42,Male,B.Tech,Software Engineer,Bengaluru,48,20,64.2
34,Female,B.Tech,Backend Developer,Kolkata,40,12,30.1
30,Male,B.Tech,Software Engineer,Pune,44,8,23.7
40,Male,B.Tech,Security Engineer,Mumbai,52,18,52.9
37,Male,MCA,Product Manager,Noida,39,15,37.7
46,Male,B.Tech,Engineering Manager,Gurugram,49,24,82.2
48,Female,MCA,Product Manager,Noida,35,26,71.3
42,Female,MCA,Cloud Architect,Kolkata,48,20,67.2
23,Female,B.Sc IT,Fullstack Developer,Mumbai,41,1,8.5
41,Female,MBA,Data Scientist,Kolkata,37,19,50.8
32,Female,PhD,Backend Developer,Kolkata,53,10,33.6
37,Female,PhD,Backend Developer,Bengaluru,54,15,51.4
44,Male,B.E,Engineering Manager,Mumbai,40,22,76.8
26,Female,BCA,Engineering Manager,Gurugram,43,4,25.7
38,Female,MBA,Fullstack Developer,Kolkata,43,16,38.8
42,Male,MCA,QA Engineer,Chennai,51,20,56.2
39,Male,B.E,Cloud Architect,Bengaluru,35,17,68
41,Female,B.Sc IT,QA Engineer,Hyderabad,45,19,49.1
27,Male,BCA,Security Engineer,Pune,44,5,26.4
23,Female,B.Sc IT,Fullstack Developer,Pune,46,1,5.4
42,Female,B.E,Software Engineer,Gurugram,51,20,53.2
48,Female,MBA,QA Engineer,Noida,37,26,56.8
37,Female,MBA,Backend Developer,Chennai,36,15,36
47,Male,PhD,QA Engineer,Chennai,51,25,68
37,Male,B.Tech,Cloud Architect,Gurugram,51,15,52.8
35,Female,B.E,Engineering Manager,Bengaluru,47,13,46.4
29,Male,PhD,Fullstack Developer,Noida,42,7,25.5
25,Male,MBA,Engineering Manager,Bengaluru,54,3,32.8
45,Female,B.E,Backend Developer,Bengaluru,47,23,65.1
39,Female,PhD,Engineering Manager,Bengaluru,45,17,57.4
24,Male,B.Tech,Fullstack Developer,Kolkata,47,2,9.3
41,Female,B.Tech,Backend Developer,Hyderabad,52,19,48.4
35,Male,B.Sc IT,DevOps Engineer,Pune,40,13,41.8
37,Male,MCA,Cloud Architect,Mumbai,53,15,59.2
35,Male,B.E,Fullstack Developer,Bengaluru,50,13,40.2
48,Male,B.Sc IT,Fullstack Developer,Noida,48,26,74.5
26,Male,B.E,Frontend Developer,Kolkata,49,4,15.6
36,Female,B.Sc IT,Cloud Architect,Hyderabad,50,14,45.3
26,Female,B.Tech,Backend Developer,Hyderabad,35,4,14.7
44,Male,MBA,Fullstack Developer,Noida,35,22,59.5
37,Male,MBA,Product Manager,Hyderabad,45,15,49.6
27,Male,B.E,Frontend Developer,Noida,52,5,17.4
30,Male,B.E,QA Engineer,Hyderabad,37,8,24.1
32,Male,MCA,Software Engineer,Noida,44,10,25.1
34,Male,MBA,Frontend Developer,Noida,38,12,31.9
21,Male,M.Tech,Security Engineer,Pune,45,0,15.1
25,Female,PhD,Software Engineer,Hyderabad,54,3,19.6
23,Male,M.Tech,Cloud Architect,Chennai,41,1,27.9
31,Female,B.Sc IT,Engineering Manager,Pune,54,9,42.4
41,Female,B.Tech,Backend Developer,Noida,38,19,42.2
23,Female,BCA,Software Engineer,Pune,39,1,6.6
35,Male,B.Tech,Data Scientist,Bengaluru,45,13,44.4
38,Male,BCA,Fullstack Developer,Chennai,50,16,49
24,Male,B.Tech,Data Scientist,Bengaluru,51,2,21.6
36,Female,M.Tech,Data Scientist,Pune,44,14,42.7
27,Male,BCA,Software Engineer,Mumbai,53,5,19.2
40,Female,B.E,Software Engineer,Noida,54,18,42.5
41,Female,B.Tech,Cloud Architect,Chennai,36,19,68.7
30,Male,MCA,Software Engineer,Kolkata,35,8,23.2
34,Male,B.E,DevOps Engineer,Mumbai,49,12,41.8
34,Female,BCA,Software Engineer,Mumbai,36,12,32.8
25,Female,B.E,Backend Developer,Pune,50,3,10.7
36,Male,MCA,Product Manager,Noida,47,14,42
30,Female,B.Tech,Security Engineer,Chennai,36,8,30.9
40,Female,PhD,Data Scientist,Chennai,40,18,63.9
48,Male,MCA,Software Engineer,Noida,54,26,77.4
27,Female,B.Sc IT,Security Engineer,Bengaluru,48,5,29.1
37,Male,B.Tech,Data Scientist,Mumbai,42,15,49.7
36,Female,B.Tech,Backend Developer,Mumbai,50,14,34.2
25,Male,M.Tech,Security Engineer,Pune,35,3,20.8
27,Male,MCA,Security Engineer,Gurugram,50,5,21.1
28,Male,MCA,Product Manager,Pune,46,6,17.6
41,Female,PhD,Product Manager,Bengaluru,47,19,57.6
39,Male,B.Sc IT,Product Manager,Noida,51,17,42.5
25,Male,PhD,Security Engineer,Bengaluru,43,3,27.7
47,Female,B.E,QA Engineer,Gurugram,47,25,57.4
31,Male,BCA,Fullstack Developer,Noida,48,9,26.3
31,Female,M.Tech,Software Engineer,Pune,44,9,23.5
41,Male,B.Sc IT,Backend Developer,Kolkata,35,19,57.7
32,Male,BCA,Backend Developer,Noida,35,10,31.8
28,Male,MBA,Frontend Developer,Gurugram,43,6,21.1
30,Male,PhD,Backend Developer,Kolkata,48,8,35.6
33,Male,B.E,Security Engineer,Pune,44,11,43.3
49,Female,PhD,Fullstack Developer,Noida,52,27,73.7
39,Male,PhD,Fullstack Developer,Chennai,46,17,54
39,Male,B.E,Security Engineer,Chennai,43,17,55.2
29,Female,M.Tech,Product Manager,Hyderabad,37,7,22.4
26,Female,B.Tech,Frontend Developer,Bengaluru,50,4,14
35,Female,B.E,Fullstack Developer,Noida,41,13,29.7
33,Male,B.Sc IT,Engineering Manager,Gurugram,44,11,50.7
43,Male,MCA,Backend Developer,Mumbai,46,21,57.9
44,Female,B.Sc IT,Data Scientist,Pune,48,22,51.8
45,Female,PhD,Frontend Developer,Chennai,46,23,64.8
34,Male,B.Tech,Product Manager,Hyderabad,37,12,32.9
30,Male,PhD,Data Scientist,Noida,35,8,43.5
21,Female,M.Tech,Security Engineer,Bengaluru,46,0,15.9
31,Female,B.Sc IT,Engineering Manager,Kolkata,50,9,38.4
24,Male,B.E,QA Engineer,Chennai,42,2,9.4
22,Female,B.E,Fullstack Developer,Bengaluru,46,0,7.5
49,Female,B.E,Security Engineer,Bengaluru,52,27,70.5
34,Female,M.Tech,Data Scientist,Mumbai,42,12,38
23,Female,PhD,DevOps Engineer,Chennai,53,1,13.6
33,Female,PhD,Security Engineer,Noida,36,11,37.6
50,Male,B.E,Engineering Manager,Noida,51,28,91.9
29,Male,MBA,Backend Developer,Hyderabad,53,7,24.9
48,Male,MCA,Security Engineer,Gurugram,50,26,76.8
23,Male,B.E,Frontend Developer,Bengaluru,37,1,11.2
25,Male,MBA,QA Engineer,Hyderabad,43,3,16.8
40,Male,B.E,Security Engineer,Chennai,38,18,50.4
35,Male,B.Tech,Product Manager,Mumbai,40,13,45.9
46,Female,M.Tech,Product Manager,Noida,36,24,57.7
42,Male,MCA,Frontend Developer,Hyderabad,35,20,55.8
29,Male,B.Sc IT,Data Scientist,Mumbai,54,7,36.9
37,Male,MBA,Backend Developer,Pune,42,15,39.2
43,Male,PhD,Fullstack Developer,Chennai,47,21,63.7
25,Male,BCA,Security Engineer,Hyderabad,51,3,27
37,Male,MCA,Backend Developer,Bengaluru,44,15,41.8
33,Male,MBA,Backend Developer,Mumbai,48,11,43
29,Female,B.E,Engineering Manager,Hyderabad,54,7,37.4
31,Female,PhD,DevOps Engineer,Noida,43,9,33.5
22,Male,M.Tech,QA Engineer,Kolkata,42,0,7.8
35,Male,PhD,Cloud Architect,Gurugram,35,13,50.2
40,Male,MBA,Data Scientist,Gurugram,50,18,63.2
38,Male,M.Tech,Engineering Manager,Chennai,51,16,68.9
41,Male,PhD,QA Engineer,Kolkata,40,19,57.1
40,Female,B.Tech,DevOps Engineer,Noida,41,18,44.7
21,Male,B.E,Cloud Architect,Bengaluru,50,0,25.6
42,Female,B.Sc IT,Backend Developer,Hyderabad,54,20,44.6
44,Female,MCA,DevOps Engineer,Hyderabad,37,22,57.4
26,Male,B.E,Data Scientist,Bengaluru,54,4,25
46,Female,B.Sc IT,QA Engineer,Kolkata,40,24,49.5
43,Male,MBA,Software Engineer,Chennai,48,21,66.1
27,Male,B.E,DevOps Engineer,Pune,39,5,15
41,Female,B.Tech,Engineering Manager,Hyderabad,36,19,69.5
41,Male,MCA,Backend Developer,Bengaluru,39,19,47.8
30,Female,MCA,Product Manager,Hyderabad,50,8,24.1
38,Male,B.Tech,Fullstack Developer,Kolkata,39,16,47.5
31,Male,B.E,DevOps Engineer,Kolkata,50,9,29
45,Female,PhD,Product Manager,Kolkata,39,23,55.2
21,Male,MBA,QA Engineer,Chennai,50,0,7
33,Male,PhD,DevOps Engineer,Hyderabad,52,11,44.4
28,Male,BCA,QA Engineer,Noida,41,6,20.4
37,Female,MBA,Cloud Architect,Kolkata,46,15,59.8
34,Male,MCA,QA Engineer,Hyderabad,35,12,34.1
50,Male,PhD,DevOps Engineer,Pune,44,28,77
30,Female,B.Tech,Cloud Architect,Hyderabad,36,8,38.8
25,Female,B.Tech,DevOps Engineer,Hyderabad,40,3,12.5
47,Female,MBA,QA Engineer,Kolkata,37,25,59.9
45,Male,B.E,Data Scientist,Kolkata,54,23,59.9
43,Female,M.Tech,Data Scientist,Mumbai,51,21,70.3
44,Male,MCA,Cloud Architect,Noida,38,22,66.2
31,Male,PhD,Fullstack Developer,Gurugram,54,9,34.1
36,Male,MCA,Security Engineer,Noida,51,14,41.9
34,Female,MBA,Cloud Architect,Hyderabad,46,12,45.6
46,Female,MCA,Fullstack Developer,Chennai,52,24,52.8
44,Male,MCA,Frontend Developer,Gurugram,42,22,61
23,Female,PhD,Engineering Manager,Noida,38,1,22
45,Male,B.E,Product Manager,Kolkata,52,23,65.6
39,Female,B.Sc IT,Software Engineer,Kolkata,53,17,35.6
37,Female,PhD,Backend Developer,Bengaluru,47,15,41.1
39,Male,B.Sc IT,Software Engineer,Mumbai,51,17,46.8
48,Female,B.Tech,Cloud Architect,Pune,40,26,78.6
34,Male,B.Tech,Cloud Architect,Chennai,45,12,41.8
37,Male,BCA,Product Manager,Mumbai,46,15,45.9
48,Female,BCA,Backend Developer,Mumbai,42,26,63.5
41,Male,B.Sc IT,Fullstack Developer,Chennai,42,19,45.5
26,Female,BCA,DevOps Engineer,Pune,54,4,14.3
42,Female,MCA,Cloud Architect,Mumbai,53,20,61.6
44,Male,MCA,QA Engineer,Kolkata,36,22,55.1
36,Male,MBA,Backend Developer,Kolkata,39,14,37.3
28,Male,B.E,Fullstack Developer,Noida,40,6,19.9
28,Male,B.Tech,Fullstack Developer,Chennai,42,6,18.7
42,Male,BCA,Fullstack Developer,Kolkata,52,20,47
37,Female,B.E,Fullstack Developer,Mumbai,45,15,38.5
40,Male,B.Tech,Product Manager,Mumbai,41,18,60.1
40,Male,MBA,QA Engineer,Gurugram,37,18,54.6
40,Male,M.Tech,Software Engineer,Mumbai,44,18,50.9
37,Male,MBA,DevOps Engineer,Hyderabad,48,15,54.5
50,Male,B.Sc IT,Security Engineer,Pune,41,28,75.3
50,Male,B.Sc IT,Fullstack Developer,Noida,43,28,74.3
45,Female,B.Sc IT,QA Engineer,Chennai,50,23,50.5
24,Male,BCA,Backend Developer,Hyderabad,49,2,14.2
23,Male,BCA,Product Manager,Mumbai,37,1,10.5
27,Male,M.Tech,Backend Developer,Gurugram,48,5,17.2
30,Female,MCA,Frontend Developer,Pune,49,8,19.1
28,Female,BCA,Fullstack Developer,Noida,50,6,16.6
23,Male,MBA,DevOps Engineer,Gurugram,51,1,10.6
42,Male,MCA,DevOps Engineer,Chennai,45,20,58.5
28,Male,MBA,QA Engineer,Pune,52,6,23.8
39,Male,B.E,QA Engineer,Mumbai,51,17,55.2
23,Male,B.Sc IT,Software Engineer,Chennai,46,1,6.1
47,Female,PhD,DevOps Engineer,Kolkata,50,25,57.2
41,Male,MCA,DevOps Engineer,Bengaluru,37,19,61.2
30,Male,B.Sc IT,Frontend Developer,Kolkata,52,8,25.8
23,Male,M.Tech,Software Engineer,Gurugram,41,1,9.3
29,Female,PhD,Cloud Architect,Gurugram,43,7,40.2
26,Male,PhD,Security Engineer,Chennai,42,4,25.5
42,Male,B.Sc IT,Backend Developer,Hyderabad,41,20,62
24,Male,B.Tech,QA Engineer,Noida,38,2,8.4
49,Male,B.E,Engineering Manager,Gurugram,50,27,76.5
35,Male,BCA,DevOps Engineer,Kolkata,51,13,34.4
24,Female,B.Sc IT,Fullstack Developer,Bengaluru,48,2,10.7
31,Female,BCA,Security Engineer,Gurugram,47,9,28.7
50,Female,B.Sc IT,DevOps Engineer,Mumbai,43,28,80.5
45,Male,B.E,Backend Developer,Noida,44,23,55.5
29,Female,BCA,Backend Developer,Mumbai,46,7,19.6
30,Female,B.Tech,Security Engineer,Gurugram,50,8,28.1
23,Male,B.Tech,Data Scientist,Pune,50,1,14.7
41,Male,B.E,Software Engineer,Mumbai,48,19,60
27,Female,PhD,QA Engineer,Kolkata,47,5,18.6
32,Male,PhD,Security Engineer,Noida,41,10,48.1
42,Male,MCA,Product Manager,Pune,37,20,55.8
32,Female,PhD,Backend Developer,Bengaluru,48,10,36
27,Male,B.Tech,Data Scientist,Pune,45,5,24.9
37,Male,M.Tech,Fullstack Developer,Bengaluru,45,15,54.1
35,Male,BCA,Cloud Architect,Noida,35,13,55.9
50,Male,B.Sc IT,Software Engineer,Gurugram,39,28,70.4
40,Male,MCA,Security Engineer,Noida,36,18,60.5
47,Male,B.Tech,Software Engineer,Chennai,40,25,61.4
48,Female,M.Tech,Product Manager,Noida,53,26,67.2
34,Female,M.Tech,Software Engineer,Bengaluru,43,12,33.2
35,Female,M.Tech,Frontend Developer,Hyderabad,53,13,41
26,Female,MCA,Security Engineer,Hyderabad,43,4,23.1
47,Male,M.Tech,Data Scientist,Hyderabad,38,25,89.2
45,Female,B.E,Fullstack Developer,Pune,53,23,51.1
41,Female,PhD,Data Scientist,Gurugram,54,19,64
29,Male,MCA,Software Engineer,Bengaluru,41,7,25.3
23,Male,B.Sc IT,Engineering Manager,Kolkata,42,1,24.1
29,Female,PhD,Product Manager,Mumbai,40,7,26.2
21,Male,MBA,Engineering Manager,Hyderabad,35,0,27.9
49,Female,B.Tech,Data Scientist,Gurugram,43,27,75.3
38,Female,PhD,Cloud Architect,Hyderabad,52,16,57.8
26,Female,PhD,Security Engineer,Bengaluru,44,4,32.1
50,Female,B.Tech,Engineering Manager,Pune,53,28,76.4
44,Male,B.Sc IT,QA Engineer,Gurugram,43,22,57
22,Male,MBA,Frontend Developer,Bengaluru,48,0,11.8
23,Female,B.Sc IT,Product Manager,Mumbai,37,1,9.9
41,Female,MCA,Security Engineer,Noida,45,19,61.6
31,Male,B.Tech,Software Engineer,Bengaluru,46,9,34.5
46,Male,B.E,Engineering Manager,Bengaluru,50,24,77.3
49,Female,B.Tech,Software Engineer,Mumbai,37,27,68.4
31,Female,MCA,Security Engineer,Pune,38,9,34.4
21,Female,B.Tech,Engineering Manager,Noida,51,0,17
25,Female,BCA,Product Manager,Noida,46,3,10.6
30,Male,M.Tech,Software Engineer,Bengaluru,41,8,28.6
44,Male,B.Sc IT,Product Manager,Chennai,36,22,52.8
39,Female,MCA,Engineering Manager,Noida,39,17,52.5
47,Male,MBA,Frontend Developer,Chennai,38,25,77.3
29,Male,BCA,Frontend Developer,Noida,45,7,23.8
35,Female,B.Tech,Cloud Architect,Chennai,36,13,45.3
49,Male,M.Tech,Cloud Architect,Bengaluru,40,27,81.5
43,Male,M.Tech,Cloud Architect,Noida,45,21,82.6
49,Male,MCA,Data Scientist,Mumbai,38,27,74.4
26,Male,B.Tech,Backend Developer,Chennai,36,4,15.4
40,Female,B.Sc IT,DevOps Engineer,Noida,40,18,38.1
27,Female,BCA,Fullstack Developer,Hyderabad,46,5,18.9
39,Male,MBA,DevOps Engineer,Pune,45,17,48.3
34,Male,B.Sc IT,Engineering Manager,Pune,43,12,47.9
30,Female,MBA,Engineering Manager,Mumbai,41,8,35.9
40,Male,M.Tech,Software Engineer,Chennai,42,18,45.2
45,Female,PhD,Backend Developer,Pune,45,23,52.5
33,Male,MCA,Backend Developer,Mumbai,52,11,33.2
23,Male,BCA,Product Manager,Bengaluru,40,1,11.1
50,Male,B.Tech,Software Engineer,Noida,45,28,68
39,Male,PhD,Security Engineer,Bengaluru,49,17,64.2
21,Female,BCA,Engineering Manager,Gurugram,53,0,18.8
31,Male,MCA,Fullstack Developer,Bengaluru,51,9,26.8
31,Female,B.E,DevOps Engineer,Hyderabad,48,9,29.6
21,Female,MBA,Security Engineer,Kolkata,40,0,11.7
24,Female,BCA,Backend Developer,Hyderabad,48,2,13.1
40,Male,PhD,QA Engineer,Kolkata,46,18,54.2
45,Male,M.Tech,Data Scientist,Kolkata,47,23,65.6
28,Female,M.Tech,Fullstack Developer,Hyderabad,47,6,21.1
29,Female,B.Tech,Security Engineer,Noida,49,7,29.3
32,Male,PhD,Product Manager,Gurugram,52,10,38.9
48,Male,B.Tech,DevOps Engineer,Kolkata,47,26,78.5
34,Male,B.Tech,DevOps Engineer,Kolkata,35,12,34.5
28,Male,B.Tech,Engineering Manager,Kolkata,37,6,34.4
42,Female,B.Sc IT,Software Engineer,Bengaluru,39,20,53.2
50,Male,B.Tech,Security Engineer,Bengaluru,36,28,92.5
50,Male,PhD,Cloud Architect,Bengaluru,48,28,88.9
44,Female,MCA,Product Manager,Pune,37,22,53.8
50,Male,B.Tech,QA Engineer,Mumbai,42,28,83.6
28,Male,B.E,Engineering Manager,Hyderabad,44,6,32.3
41,Male,B.E,QA Engineer,Kolkata,53,19,54.2
46,Female,B.E,DevOps Engineer,Gurugram,50,24,65.8
26,Female,B.Sc IT,Product Manager,Chennai,37,4,13.9
36,Female,PhD,Fullstack Developer,Pune,53,14,41.5
32,Female,B.Tech,Frontend Developer,Noida,43,10,22.4
32,Female,MCA,Data Scientist,Bengaluru,45,10,36.1
43,Male,PhD,Product Manager,Kolkata,41,21,65.4
42,Female,B.E,Cloud Architect,Gurugram,36,20,53.5
33,Female,B.Tech,Cloud Architect,Noida,42,11,42.6
23,Female,B.Tech,Engineering Manager,Hyderabad,47,1,21
27,Male,B.Sc IT,Backend Developer,Pune,46,5,17.2
38,Male,BCA,Security Engineer,Mumbai,36,16,48.7
24,Female,MBA,Product Manager,Pune,45,2,9.9
30,Male,BCA,Product Manager,Chennai,39,8,24.2
37,Male,M.Tech,Product Manager,Kolkata,35,15,45.4
26,Female,B.Tech,Backend Developer,Pune,37,4,10.9
34,Female,MCA,Frontend Developer,Gurugram,50,12,28
32,Male,BCA,QA Engineer,Hyderabad,39,10,29.2
22,Female,BCA,Engineering Manager,Kolkata,43,0,17.8
25,Female,B.E,QA Engineer,Chennai,49,3,8.8
41,Male,B.Sc IT,Cloud Architect,Kolkata,40,19,62.2
31,Male,MBA,Product Manager,Mumbai,48,9,37.1
25,Female,MCA,Software Engineer,Pune,37,3,9.7
40,Female,PhD,Data Scientist,Noida,41,18,51.8
33,Female,M.Tech,Product Manager,Noida,43,11,29.1
44,Male,PhD,Product Manager,Chennai,37,22,67.1
22,Male,MCA,QA Engineer,Bengaluru,45,0,9
31,Male,M.Tech,QA Engineer,Kolkata,46,9,31.5
49,Female,MCA,DevOps Engineer,Kolkata,51,27,64.7
32,Male,M.Tech,DevOps Engineer,Mumbai,37,10,37.5
37,Male,B.Sc IT,Fullstack Developer,Bengaluru,40,15,48.1
46,Female,B.Sc IT,Data Scientist,Hyderabad,40,24,60.3
46,Female,BCA,QA Engineer,Kolkata,46,24,51.9
44,Male,BCA,Engineering Manager,Kolkata,46,22,74.8
21,Male,B.Sc IT,Software Engineer,Kolkata,40,0,3.9
32,Male,B.Sc IT,Security Engineer,Mumbai,48,10,43.7
27,Male,M.Tech,QA Engineer,Bengaluru,40,5,21.3
50,Male,B.Sc IT,QA Engineer,Gurugram,42,28,78.5
44,Male,MCA,Cloud Architect,Chennai,52,22,72.7
22,Male,BCA,Product Manager,Chennai,45,0,3.8
42,Female,B.Tech,Product Manager,Gurugram,43,20,48.9
35,Male,B.Tech,Data Scientist,Bengaluru,35,13,53.3
45,Male,B.Tech,Software Engineer,Mumbai,53,23,57.6
42,Male,B.Sc IT,Product Manager,Kolkata,46,20,47.7
48,Female,M.Tech,Product Manager,Chennai,49,26,67.8
32,Male,B.Sc IT,Frontend Developer,Hyderabad,53,10,28.9
28,Female,B.E,Security Engineer,Pune,40,6,21.8
25,Female,M.Tech,Fullstack Developer,Pune,51,3,13.7
24,Male,BCA,Product Manager,Pune,52,2,10.1
24,Male,MCA,Backend Developer,Hyderabad,53,2,12.6
49,Female,PhD,Software Engineer,Chennai,42,27,75.2
32,Male,M.Tech,Product Manager,Kolkata,51,10,36.4
36,Male,MBA,QA Engineer,Gurugram,39,14,36.8
48,Male,BCA,QA Engineer,Hyderabad,39,26,70.4
25,Female,PhD,QA Engineer,Kolkata,36,3,18.8
41,Male,PhD,Data Scientist,Noida,50,19,74.9
23,Male,BCA,Cloud Architect,Noida,48,1,22.1
26,Male,PhD,Backend Developer,Noida,37,4,23.7
24,Female,B.Sc IT,Fullstack Developer,Hyderabad,43,2,10
32,Male,BCA,Backend Developer,Pune,43,10,27.3
38,Female,PhD,Frontend Developer,Mumbai,44,16,48.4
45,Male,M.Tech,Product Manager,Pune,50,23,66.5
39,Male,M.Tech,Product Manager,Pune,52,17,54.3
34,Male,B.E,Frontend Developer,Chennai,50,12,33.7
33,Male,B.Sc IT,Fullstack Developer,Bengaluru,36,11,38.1
50,Female,M.Tech,Software Engineer,Gurugram,47,28,69.3
24,Female,MBA,Product Manager,Bengaluru,45,2,16
33,Male,MBA,Cloud Architect,Bengaluru,41,11,55.6
30,Female,PhD,Engineering Manager,Mumbai,45,8,42
33,Male,MCA,Engineering Manager,Hyderabad,48,11,53
38,Male,MCA,Backend Developer,Bengaluru,47,16,47.7
22,Female,M.Tech,DevOps Engineer,Chennai,46,0,6.2
24,Female,PhD,Security Engineer,Gurugram,43,2,20.6
42,Female,MCA,Frontend Developer,Gurugram,45,20,47.5
28,Male,MBA,Engineering Manager,Pune,35,6,40.8
25,Female,B.E,Engineering Manager,Kolkata,54,3,22.1
27,Male,BCA,Engineering Manager,Gurugram,42,5,35.4
38,Female,M.Tech,QA Engineer,Chennai,36,16,47.6
34,Male,M.Tech,Software Engineer,Mumbai,54,12,44.6
21,Male,B.E,Security Engineer,Mumbai,43,0,14.8
27,Female,M.Tech,Backend Developer,Mumbai,47,5,20.9
22,Female,M.Tech,Backend Developer,Gurugram,47,0,6.9
31,Male,M.Tech,Fullstack Developer,Hyderabad,52,9,32.7
22,Male,B.E,Software Engineer,Mumbai,43,0,8.7
45,Male,BCA,Software Engineer,Hyderabad,42,23,70.4
31,Male,PhD,Data Scientist,Chennai,52,9,46.5
22,Male,B.Sc IT,Cloud Architect,Mumbai,50,0,25.1
30,Male,MBA,Backend Developer,Kolkata,48,8,29.9
26,Male,M.Tech,Product Manager,Chennai,54,4,17.2
26,Male,PhD,Frontend Developer,Noida,51,4,17.9
21,Male,B.Sc IT,Data Scientist,Hyderabad,49,0,14.7
42,Male,B.Sc IT,Fullstack Developer,Noida,43,20,52.8
39,Male,PhD,Security Engineer,Kolkata,48,17,61.9
43,Male,B.Sc IT,Engineering Manager,Chennai,47,21,77.3
40,Male,B.Sc IT,Security Engineer,Hyderabad,47,18,57.2
35,Female,MCA,Security Engineer,Hyderabad,44,13,49
47,Female,MCA,Product Manager,Gurugram,54,25,68.2
40,Male,B.Tech,Fullstack Developer,Gurugram,45,18,50.3
28,Female,B.E,Cloud Architect,Gurugram,54,6,30
23,Female,M.Tech,DevOps Engineer,Bengaluru,51,1,13.4
47,Female,MBA,Backend Developer,Noida,35,25,56.8
40,Male,B.E,Backend Developer,Noida,54,18,54
43,Female,MCA,Backend Developer,Noida,43,21,50.6
33,Male,BCA,Frontend Developer,Noida,42,11,28.9
46,Male,B.Tech,Cloud Architect,Kolkata,54,24,86.8
47,Female,BCA,Software Engineer,Noida,36,25,52
49,Male,PhD,Security Engineer,Mumbai,53,27,93
48,Female,B.E,Security Engineer,Mumbai,39,26,80
30,Male,B.Sc IT,Data Scientist,Noida,53,8,33.8
39,Male,BCA,QA Engineer,Hyderabad,49,17,55.4
22,Male,B.E,QA Engineer,Chennai,50,0,3.8
43,Female,B.Sc IT,Security Engineer,Kolkata,54,21,62.8
21,Male,B.Sc IT,Engineering Manager,Hyderabad,35,0,19.8
47,Male,B.Sc IT,Backend Developer,Bengaluru,48,25,73.5
31,Male,B.Sc IT,Security Engineer,Pune,52,9,38.8
23,Male,B.Sc IT,Security Engineer,Bengaluru,47,1,17.4
37,Male,MCA,Cloud Architect,Chennai,45,15,53.7
30,Male,M.Tech,Cloud Architect,Chennai,44,8,42.8
22,Male,B.Tech,DevOps Engineer,Hyderabad,40,0,7.4
28,Male,B.Sc IT,Engineering Manager,Noida,48,6,37.9
22,Female,B.E,Data Scientist,Bengaluru,39,0,12.6
48,Male,PhD,Frontend Developer,Mumbai,46,26,80.4
44,Male,BCA,Engineering Manager,Noida,45,22,64.7
45,Male,MBA,Software Engineer,Gurugram,54,23,71.8
22,Male,B.Sc IT,Security Engineer,Noida,52,0,11.8
39,Female,M.Tech,Cloud Architect,Chennai,40,17,51
27,Male,MBA,Software Engineer,Hyderabad,54,5,24.8
33,Female,PhD,Fullstack Developer,Chennai,46,11,37.6
42,Male,B.Tech,Data Scientist,Chennai,36,20,60
25,Female,PhD,Engineering Manager,Bengaluru,35,3,33.1
41,Male,B.E,QA Engineer,Gurugram,35,19,45.2
21,Male,B.Sc IT,QA Engineer,Bengaluru,52,0,8.1
24,Male,PhD,Security Engineer,Kolkata,54,2,22.6
31,Female,B.Tech,Cloud Architect,Chennai,51,9,41.7
37,Male,BCA,Security Engineer,Bengaluru,40,15,58.5
24,Female,B.E,Fullstack Developer,Chennai,35,2,7.6
42,Male,M.Tech,Engineering Manager,Kolkata,40,20,65.1
45,Male,B.E,Engineering Manager,Chennai,51,23,79.5
33,Male,B.Sc IT,Fullstack Developer,Gurugram,42,11,31.1
47,Female,MBA,Cloud Architect,Kolkata,35,25,69.5
42,Female,MCA,Engineering Manager,Noida,44,20,60.9
50,Male,B.E,Software Engineer,Kolkata,54,28,82.7
47,Female,BCA,Software Engineer,Mumbai,54,25,60.4
49,Male,B.E,Cloud Architect,Bengaluru,50,27,98.8
32,Male,MBA,Security Engineer,Noida,40,10,38.6
24,Female,B.E,Data Scientist,Gurugram,50,2,16.5
33,Female,PhD,Engineering Manager,Hyderabad,41,11,47.4
45,Male,MCA,Product Manager,Gurugram,36,23,56.2
31,Male,PhD,DevOps Engineer,Mumbai,44,9,36.5
32,Male,MCA,DevOps Engineer,Bengaluru,45,10,30.3
28,Male,BCA,Product Manager,Kolkata,37,6,20.1
38,Male,B.E,Frontend Developer,Kolkata,38,16,41.9
38,Male,MCA,Product Manager,Kolkata,37,16,49.8
28,Male,MCA,Software Engineer,Chennai,37,6,16.8
23,Female,PhD,Software Engineer,Mumbai,40,1,16.5
34,Female,B.Tech,Cloud Architect,Kolkata,42,12,50
44,Male,B.E,Engineering Manager,Mumbai,35,22,86.3
38,Male,MCA,QA Engineer,Hyderabad,40,16,41
32,Female,MCA,Frontend Developer,Mumbai,36,10,29.8
34,Male,MCA,Software Engineer,Mumbai,43,12,42.6
48,Female,BCA,Fullstack Developer,Chennai,43,26,57.6
33,Male,B.E,Security Engineer,Bengaluru,39,11,39.5
47,Female,B.Tech,QA Engineer,Hyderabad,35,25,65.4
24,Female,MCA,Fullstack Developer,Kolkata,38,2,8.9
28,Male,B.E,DevOps Engineer,Mumbai,46,6,20.2
22,Female,MCA,Security Engineer,Bengaluru,42,0,12.5
44,Female,B.Tech,Product Manager,Pune,47,22,54.8
28,Male,B.Sc IT,Fullstack Developer,Pune,37,6,18.9
45,Male,MBA,Product Manager,Pune,36,23,58.4
47,Female,PhD,DevOps Engineer,Kolkata,43,25,59.7
49,Male,MBA,Data Scientist,Kolkata,48,27,76.6
32,Male,B.E,QA Engineer,Mumbai,48,10,35.6
50,Female,B.Sc IT,Software Engineer,Mumbai,38,28,72
33,Male,BCA,Cloud Architect,Gurugram,51,11,51.1
47,Female,MBA,DevOps Engineer,Hyderabad,42,25,59.4
21,Male,PhD,Data Scientist,Gurugram,35,0,19.3
40,Female,B.E,Software Engineer,Gurugram,49,18,37.5
34,Female,PhD,DevOps Engineer,Mumbai,38,12,44.9
43,Female,M.Tech,DevOps Engineer,Pune,41,21,57.2
48,Male,B.Sc IT,QA Engineer,Hyderabad,48,26,76
24,Male,MBA,Cloud Architect,Hyderabad,53,2,30.6
34,Female,B.Sc IT,Security Engineer,Pune,47,12,33.8
43,Female,BCA,Product Manager,Kolkata,43,21,44.7
40,Female,B.Sc IT,Fullstack Developer,Chennai,37,18,47.2
43,Female,M.Tech,DevOps Engineer,Noida,42,21,54.5
41,Female,B.Sc IT,Backend Developer,Pune,44,19,50.2
37,Male,B.E,DevOps Engineer,Pune,45,15,45
34,Male,PhD,Data Scientist,Chennai,40,12,41.8
36,Male,M.Tech,Fullstack Developer,Bengaluru,46,14,47
25,Male,B.Tech,Fullstack Developer,Mumbai,50,3,14
49,Female,PhD,Fullstack Developer,Kolkata,51,27,74
47,Female,B.E,Software Engineer,Pune,51,25,60.9
30,Female,M.Tech,Engineering Manager,Chennai,39,8,32.2
37,Male,M.Tech,Cloud Architect,Kolkata,38,15,62.4
23,Male,BCA,Engineering Manager,Mumbai,44,1,22.5
29,Female,B.E,Backend Developer,Gurugram,46,7,18.6
47,Male,B.Tech,Security Engineer,Mumbai,45,25,68.6
48,Male,BCA,Cloud Architect,Mumbai,49,26,85
34,Female,MCA,Backend Developer,Mumbai,40,12,29.6
33,Male,B.Tech,Product Manager,Kolkata,43,11,34.1
42,Female,B.E,Security Engineer,Pune,54,20,47.6
50,Male,BCA,DevOps Engineer,Noida,49,28,75.7
22,Female,B.E,Security Engineer,Hyderabad,54,0,15.7
24,Male,MBA,Cloud Architect,Hyderabad,45,2,27.5
36,Female,M.Tech,Security Engineer,Kolkata,45,14,41.2
37,Female,B.Tech,Security Engineer,Gurugram,54,15,43.6
35,Female,PhD,QA Engineer,Chennai,46,13,37
42,Female,B.Tech,Software Engineer,Hyderabad,37,20,49.6
23,Male,PhD,Engineering Manager,Gurugram,44,1,32.8
47,Male,B.E,Security Engineer,Pune,40,25,82.1
36,Female,MCA,QA Engineer,Mumbai,39,14,37.1
48,Male,MBA,Engineering Manager,Kolkata,51,26,74.7
42,Female,B.Tech,Backend Developer,Noida,43,20,47.6
48,Male,B.Sc IT,QA Engineer,Noida,39,26,60.8
26,Female,B.E,Cloud Architect,Chennai,41,4,22.6
34,Female,M.Tech,Product Manager,Hyderabad,40,12,31.4
34,Male,MCA,Data Scientist,Chennai,43,12,44.8
37,Female,MBA,Data Scientist,Kolkata,38,15,44.1
28,Male,B.Sc IT,Cloud Architect,Hyderabad,48,6,32.9
30,Male,B.Tech,Software Engineer,Pune,48,8,27.5
50,Male,B.Sc IT,Product Manager,Chennai,44,28,72.5
25,Female,MCA,Frontend Developer,Mumbai,54,3,12.9
30,Male,B.E,Engineering Manager,Pune,35,8,34.8
21,Female,B.Sc IT,Security Engineer,Kolkata,43,0,12.3
43,Male,MCA,Cloud Architect,Mumbai,48,21,83.9
25,Male,MCA,Product Manager,Hyderabad,39,3,13.4
31,Male,B.Sc IT,Software Engineer,Gurugram,49,9,27.7
27,Female,B.E,QA Engineer,Kolkata,38,5,14.3
41,Female,BCA,Frontend Developer,Pune,35,19,47.8
24,Male,PhD,Product Manager,Bengaluru,46,2,18.2
26,Male,B.E,QA Engineer,Pune,50,4,14.2
37,Male,B.Tech,Engineering Manager,Noida,50,15,56.2
42,Male,PhD,Cloud Architect,Gurugram,51,20,85.2
47,Male,PhD,Fullstack Developer,Bengaluru,40,25,71.7
22,Male,MCA,Frontend Developer,Mumbai,48,0,7.9
50,Female,MBA,DevOps Engineer,Hyderabad,36,28,73.2
50,Male,M.Tech,Cloud Architect,Bengaluru,54,28,109.1
44,Female,B.Sc IT,Fullstack Developer,Chennai,38,22,45.4
40,Female,MCA,Engineering Manager,Gurugram,39,18,60.3
22,Male,MCA,Backend Developer,Chennai,38,0,3.9
45,Female,BCA,Fullstack Developer,Kolkata,51,23,63
32,Female,M.Tech,Backend Developer,Bengaluru,51,10,36.3
38,Female,B.E,Software Engineer,Mumbai,53,16,47.5
40,Male,B.Tech,Cloud Architect,Hyderabad,40,18,61.7
33,Male,PhD,DevOps Engineer,Noida,52,11,42.9
47,Male,M.Tech,DevOps Engineer,Kolkata,42,25,69.6
31,Male,M.Tech,Security Engineer,Gurugram,45,9,40.9
28,Male,B.Tech,Frontend Developer,Chennai,44,6,21.1
28,Male,MBA,Software Engineer,Noida,36,6,19.2
29,Female,PhD,Software Engineer,Bengaluru,52,7,28.2
43,Female,M.Tech,Security Engineer,Bengaluru,37,21,71.1
36,Male,PhD,Security Engineer,Hyderabad,37,14,65.8
49,Male,M.Tech,Data Scientist,Chennai,42,27,92.1
31,Female,MBA,Engineering Manager,Hyderabad,41,9,48.3
42,Male,M.Tech,DevOps Engineer,Pune,53,20,59.8
35,Female,B.Sc IT,DevOps Engineer,Hyderabad,49,13,36.8
41,Male,MCA,Data Scientist,Hyderabad,38,19,57.2
30,Male,M.Tech,DevOps Engineer,Kolkata,38,8,28.2
26,Male,MCA,Data Scientist,Noida,37,4,21.9
41,Female,BCA,Product Manager,Bengaluru,39,19,50.4
23,Female,B.Tech,Engineering Manager,Pune,45,1,18.8
30,Female,MCA,Engineering Manager,Mumbai,38,8,41.4
41,Male,B.Sc IT,Data Scientist,Bengaluru,47,19,70.1
34,Male,B.Tech,DevOps Engineer,Noida,53,12,30.4
32,Male,B.Tech,DevOps Engineer,Gurugram,50,10,27.8
46,Male,MBA,Security Engineer,Hyderabad,41,24,81.3
35,Female,PhD,Engineering Manager,Noida,44,13,59.9
25,Male,BCA,Product Manager,Chennai,52,3,12.7
30,Male,PhD,DevOps Engineer,Kolkata,48,8,33.8
21,Male,MBA,Security Engineer,Noida,46,0,17
36,Male,BCA,Security Engineer,Chennai,48,14,48.9
43,Male,B.Sc IT,Data Scientist,Chennai,41,21,73.1
32,Female,B.E,Security Engineer,Kolkata,45,10,28.4
27,Male,BCA,DevOps Engineer,Pune,50,5,15.8
31,Female,B.Tech,Security Engineer,Hyderabad,40,9,34.1
26,Male,M.Tech,Software Engineer,Bengaluru,49,4,20.6
41,Female,B.E,DevOps Engineer,Pune,51,19,41.4
41,Male,MBA,DevOps Engineer,Gurugram,35,19,62.1
41,Male,B.E,Product Manager,Hyderabad,39,19,48.2
24,Male,M.Tech,QA Engineer,Noida,54,2,11.8
45,Male,B.Sc IT,Fullstack Developer,Bengaluru,41,23,72.8
34,Female,BCA,Frontend Developer,Gurugram,50,12,32.2
37,Male,MBA,Product Manager,Gurugram,40,15,42.7
43,Male,BCA,Software Engineer,Bengaluru,53,21,57
22,Male,M.Tech,Frontend Developer,Bengaluru,50,0,11.3
39,Male,B.E,Frontend Developer,Kolkata,45,17,44.1
27,Male,BCA,Backend Developer,Hyderabad,39,5,22.2
49,Male,MCA,Software Engineer,Bengaluru,45,27,80
40,Female,M.Tech,Data Scientist,Gurugram,41,18,48.5
34,Male,MBA,Security Engineer,Noida,40,12,39.1
48,Male,MBA,Product Manager,Chennai,38,26,80.1
46,Male,M.Tech,Engineering Manager,Bengaluru,38,24,79.5
21,Female,MCA,Frontend Developer,Bengaluru,42,0,7.1
42,Male,M.Tech,Product Manager,Gurugram,51,20,52
34,Male,PhD,Product Manager,Kolkata,43,12,36.9
21,Female,B.E,Frontend Developer,Mumbai,49,0,6.7
40,Male,MBA,Frontend Developer,Hyderabad,48,18,47.7
36,Male,B.E,Security Engineer,Pune,43,14,41.9
40,Female,B.E,Software Engineer,Pune,45,18,48
47,Male,M.Tech,Backend Developer,Kolkata,39,25,60
50,Male,BCA,Product Manager,Mumbai,41,28,76.8
50,Female,BCA,Engineering Manager,Bengaluru,44,28,73.7
31,Male,PhD,Cloud Architect,Pune,36,9,49.1
21,Female,B.E,DevOps Engineer,Chennai,42,0,3.8
44,Female,BCA,Cloud Architect,Pune,52,22,74
26,Female,M.Tech,Frontend Developer,Mumbai,38,4,19.7
29,Female,MBA,QA Engineer,Chennai,53,7,19.3
41,Male,B.Sc IT,Security Engineer,Kolkata,54,19,63.1
50,Female,MBA,Backend Developer,Mumbai,47,28,77.3
27,Female,BCA,Fullstack Developer,Gurugram,49,5,13.1
43,Female,MBA,Data Scientist,Bengaluru,45,21,73.4
24,Female,B.E,Backend Developer,Kolkata,43,2,8.7
44,Male,B.E,Fullstack Developer,Mumbai,42,22,58
21,Female,B.Tech,DevOps Engineer,Mumbai,54,0,7.6
34,Male,M.Tech,DevOps Engineer,Mumbai,50,12,44.7
39,Male,B.Sc IT,Cloud Architect,Gurugram,48,17,61.8
26,Female,B.E,Frontend Developer,Mumbai,35,4,16.1
45,Male,B.Sc IT,Backend Developer,Mumbai,47,23,74.1
38,Male,B.Sc IT,Security Engineer,Pune,37,16,58.6
25,Male,B.E,Software Engineer,Noida,47,3,10.7
40,Male,BCA,Product Manager,Gurugram,53,18,51.5
50,Male,B.Tech,Frontend Developer,Kolkata,44,28,66.7
45,Female,B.Tech,Backend Developer,Noida,51,23,54.7
30,Male,MCA,Cloud Architect,Gurugram,41,8,35.5
41,Female,MBA,Security Engineer,Bengaluru,38,19,67
31,Male,B.Tech,Security Engineer,Hyderabad,39,9,36
35,Male,BCA,QA Engineer,Kolkata,43,13,36.4
29,Female,B.Sc IT,Engineering Manager,Hyderabad,53,7,33.1
29,Male,B.E,Engineering Manager,Gurugram,36,7,32.4
27,Female,PhD,Fullstack Developer,Hyderabad,40,5,24
26,Male,MBA,Fullstack Developer,Kolkata,48,4,15.7
33,Male,BCA,QA Engineer,Pune,54,11,29.9
49,Female,PhD,Product Manager,Kolkata,46,27,72.5
29,Female,B.Tech,Frontend Developer,Mumbai,37,7,25.4
45,Male,BCA,QA Engineer,Pune,37,23,70.6
47,Female,B.Sc IT,Backend Developer,Bengaluru,45,25,57.3
45,Male,B.E,Engineering Manager,Gurugram,53,23,70.5
47,Male,MCA,Engineering Manager,Hyderabad,49,25,96.2
38,Male,BCA,Backend Developer,Pune,54,16,41.9
39,Male,B.E,Backend Developer,Hyderabad,48,17,48.6
45,Male,B.Tech,Cloud Architect,Noida,53,23,81.9
44,Female,BCA,Fullstack Developer,Kolkata,36,22,58.9
38,Female,MBA,DevOps Engineer,Pune,53,16,40.1
24,Male,B.E,Data Scientist,Hyderabad,36,2,20.9
47,Male,PhD,Frontend Developer,Bengaluru,46,25,73
27,Male,M.Tech,Backend Developer,Mumbai,41,5,25.3
31,Male,PhD,Data Scientist,Noida,51,9,40
28,Male,MBA,Engineering Manager,Mumbai,39,6,41.1
25,Male,B.Sc IT,Software Engineer,Hyderabad,45,3,15.8
22,Female,BCA,Product Manager,Chennai,53,0,3.4
34,Male,B.Tech,Security Engineer,Noida,43,12,40.6
22,Male,M.Tech,Security Engineer,Chennai,54,0,15.4
26,Male,BCA,Security Engineer,Pune,35,4,23.3
50,Female,BCA,Security Engineer,Mumbai,54,28,81.6
45,Male,B.Tech,Software Engineer,Chennai,41,23,64.3
31,Female,MCA,QA Engineer,Gurugram,47,9,24.4
44,Male,B.E,DevOps Engineer,Hyderabad,38,22,65.8
35,Female,MCA,Fullstack Developer,Kolkata,48,13,32.8
33,Male,BCA,Cloud Architect,Gurugram,41,11,44.7
31,Female,B.Tech,Data Scientist,Chennai,44,9,33.6
36,Male,MBA,Product Manager,Chennai,40,14,43.2
24,Male,B.Sc IT,QA Engineer,Noida,45,2,8.1
40,Female,MCA,QA Engineer,Noida,48,18,41.1
44,Female,BCA,Data Scientist,Gurugram,44,22,69.2
42,Female,B.Tech,Product Manager,Kolkata,52,20,55.6
43,Male,B.Tech,DevOps Engineer,Bengaluru,51,21,63.1
41,Male,B.E,Cloud Architect,Kolkata,54,19,69.1
37,Male,BCA,QA Engineer,Hyderabad,40,15,48.7
23,Male,MCA,Engineering Manager,Chennai,43,1,24.2
24,Female,MCA,Engineering Manager,Noida,36,2,19.4
30,Male,MCA,QA Engineer,Gurugram,42,8,23.4
42,Male,MBA,Engineering Manager,Noida,44,20,77.7
31,Female,BCA,Frontend Developer,Hyderabad,43,9,28.8
38,Male,MCA,Product Manager,Gurugram,36,16,37.6
22,Female,PhD,Backend Developer,Bengaluru,42,0,14.8
35,Male,PhD,Fullstack Developer,Kolkata,49,13,49.4
29,Male,MCA,Data Scientist,Hyderabad,39,7,38.3
29,Male,PhD,Engineering Manager,Hyderabad,41,7,44.7
40,Male,B.Tech,Product Manager,Pune,43,18,53.1
34,Male,B.Sc IT,Frontend Developer,Noida,50,12,32.5
50,Male,MCA,Cloud Architect,Mumbai,40,28,97.6
29,Male,MCA,DevOps Engineer,Gurugram,50,7,23.1
30,Female,B.Sc IT,DevOps Engineer,Mumbai,47,8,26.2
30,Male,B.Sc IT,Engineering Manager,Bengaluru,52,8,40.5
48,Male,MCA,Product Manager,Mumbai,47,26,69.8
29,Female,B.E,QA Engineer,Mumbai,41,7,25.8
45,Male,B.Tech,Backend Developer,Chennai,36,23,61.4
39,Male,B.E,DevOps Engineer,Chennai,36,17,52.4
25,Female,B.Tech,QA Engineer,Pune,46,3,10
50,Male,B.E,Engineering Manager,Bengaluru,44,28,102
48,Male,B.Tech,Fullstack Developer,Gurugram,50,26,76.1
42,Female,BCA,Data Scientist,Mumbai,53,20,60.2
23,Male,B.Tech,Data Scientist,Kolkata,52,1,16.6
50,Female,B.Sc IT,Product Manager,Noida,47,28,63.3
26,Female,M.Tech,Product Manager,Gurugram,50,4,17.5
21,Female,MCA,Security Engineer,Noida,46,0,12.2
40,Male,M.Tech,DevOps Engineer,Noida,37,18,58.4
33,Male,B.Tech,QA Engineer,Gurugram,38,11,32
38,Male,B.E,QA Engineer,Chennai,40,16,43.4
28,Male,B.Tech,Frontend Developer,Bengaluru,44,6,24.8
24,Female,B.Tech,Data Scientist,Gurugram,54,2,15.2
24,Female,B.Tech,Backend Developer,Kolkata,49,2,7.7
44,Male,PhD,Cloud Architect,Pune,51,22,91.1
37,Male,B.E,Frontend Developer,Noida,50,15,41.8
40,Male,MCA,Data Scientist,Mumbai,43,18,55.5
50,Female,M.Tech,Data Scientist,Pune,35,28,77.1
39,Male,MBA,DevOps Engineer,Noida,50,17,50.3
22,Male,M.Tech,Product Manager,Gurugram,51,0,7.5
23,Male,BCA,Security Engineer,Pune,44,1,15.4
27,Male,B.Sc IT,Data Scientist,Hyderabad,45,5,30.7
47,Female,B.Tech,Engineering Manager,Chennai,45,25,73.9
49,Female,MBA,Software Engineer,Pune,47,27,66.3
24,Female,BCA,Software Engineer,Mumbai,41,2,13.1
25,Male,B.Tech,Engineering Manager,Gurugram,38,3,30.2
46,Male,MBA,Frontend Developer,Noida,36,24,70.6
35,Male,B.Sc IT,Cloud Architect,Mumbai,40,13,58.3
34,Female,M.Tech,Frontend Developer,Kolkata,42,12,37.2
26,Male,PhD,Fullstack Developer,Hyderabad,43,4,27.4
50,Male,MBA,Data Scientist,Mumbai,39,28,97.7
44,Female,BCA,Backend Developer,Kolkata,35,22,53.1
31,Male,MCA,Software Engineer,Mumbai,42,9,32.9
24,Male,B.Sc IT,QA Engineer,Hyderabad,49,2,14.5
33,Male,BCA,Software Engineer,Bengaluru,48,11,31.4
23,Female,PhD,Software Engineer,Chennai,50,1,12.2
24,Male,B.E,Security Engineer,Mumbai,52,2,19.6
27,Male,B.Sc IT,Engineering Manager,Pune,40,5,32.9
36,Female,MBA,QA Engineer,Bengaluru,40,14,42.6
50,Female,BCA,Data Scientist,Noida,48,28,68.1
36,Male,MBA,Security Engineer,Mumbai,37,14,52.1
24,Male,B.Sc IT,Engineering Manager,Chennai,43,2,20.6
44,Female,B.E,Product Manager,Noida,36,22,48.4
38,Female,PhD,Software Engineer,Noida,43,16,42.1
23,Male,BCA,Fullstack Developer,Bengaluru,52,1,10.5
31,Female,PhD,Fullstack Developer,Pune,37,9,26.7
36,Male,MBA,Frontend Developer,Kolkata,41,14,46.2
43,Female,M.Tech,Data Scientist,Pune,53,21,64.5
46,Female,B.E,QA Engineer,Noida,48,24,51.6
38,Male,MCA,Frontend Developer,Noida,51,16,45.3
32,Female,BCA,Product Manager,Kolkata,36,10,28
25,Male,MCA,Data Scientist,Pune,43,3,18.8
23,Female,BCA,Fullstack Developer,Mumbai,42,1,8.8
37,Female,BCA,DevOps Engineer,Gurugram,49,15,34.5
35,Female,PhD,Fullstack Developer,Pune,37,13,41.5
29,Male,M.Tech,DevOps Engineer,Mumbai,46,7,25.3
30,Female,BCA,QA Engineer,Gurugram,50,8,19.1
34,Female,BCA,Security Engineer,Chennai,44,12,38.4
39,Female,MCA,Engineering Manager,Noida,41,17,54.7
33,Female,M.Tech,Cloud Architect,Bengaluru,41,11,42.4
31,Male,B.Tech,DevOps Engineer,Hyderabad,51,9,26.4
33,Male,BCA,QA Engineer,Gurugram,51,11,34.1
29,Male,M.Tech,Product Manager,Pune,46,7,22.3
39,Male,MCA,Security Engineer,Hyderabad,54,17,58.7
43,Female,MBA,Fullstack Developer,Mumbai,52,21,63.1
46,Female,B.Tech,Software Engineer,Kolkata,39,24,54.2
50,Male,B.Sc IT,Engineering Manager,Mumbai,47,28,98.4
36,Female,M.Tech,Security Engineer,Gurugram,36,14,48.8
32,Female,MCA,Fullstack Developer,Gurugram,35,10,26.4
32,Male,B.Tech,Product Manager,Noida,51,10,30.9
43,Male,B.Sc IT,Backend Developer,Chennai,52,21,54.8
26,Male,PhD,Engineering Manager,Pune,36,4,30.7
49,Female,B.Tech,DevOps Engineer,Hyderabad,44,27,63.3
43,Male,PhD,Fullstack Developer,Pune,49,21,58
36,Male,B.E,Fullstack Developer,Kolkata,45,14,41.5
49,Male,MBA,Product Manager,Bengaluru,44,27,87.5
39,Male,PhD,Product Manager,Chennai,36,17,48.3
44,Male,M.Tech,Cloud Architect,Mumbai,40,22,70.6
30,Male,MCA,Frontend Developer,Chennai,37,8,21.1
35,Male,B.Sc IT,QA Engineer,Hyderabad,41,13,43.3
40,Male,B.E,Frontend Developer,Noida,36,18,48
49,Male,M.Tech,Security Engineer,Hyderabad,38,27,75.5
47,Female,PhD,Engineering Manager,Gurugram,37,25,82.2
40,Male,BCA,Data Scientist,Mumbai,43,18,59.7
37,Male,PhD,Cloud Architect,Gurugram,52,15,72.9
38,Female,MCA,Backend Developer,Kolkata,47,16,44.3
31,Male,BCA,Security Engineer,Hyderabad,46,9,41.2
42,Female,BCA,Software Engineer,Bengaluru,40,20,57.7
23,Male,BCA,Engineering Manager,Mumbai,52,1,26
34,Female,BCA,Data Scientist,Bengaluru,47,12,45.9
22,Male,MBA,Security Engineer,Pune,50,0,13.6
37,Male,B.Tech,Fullstack Developer,Bengaluru,50,15,41
26,Male,PhD,DevOps Engineer,Hyderabad,35,4,23.4
22,Female,MBA,QA Engineer,Chennai,38,0,7.2
41,Male,PhD,Cloud Architect,Kolkata,50,19,64.3
21,Male,MCA,Cloud Architect,Pune,53,0,19.5
48,Female,MCA,Fullstack Developer,Pune,50,26,53.9
43,Female,B.Tech,Product Manager,Kolkata,38,21,48.1
36,Female,PhD,Software Engineer,Kolkata,44,14,47.2
37,Female,M.Tech,Frontend Developer,Gurugram,44,15,39.4
29,Male,MBA,Data Scientist,Pune,43,7,33.2
29,Male,B.Sc IT,QA Engineer,Hyderabad,42,7,27.2
25,Female,PhD,Product Manager,Pune,54,3,14.9
40,Female,BCA,Software Engineer,Mumbai,36,18,54
43,Male,PhD,Engineering Manager,Chennai,45,21,67.5
48,Male,M.Tech,Security Engineer,Pune,53,26,73.7
41,Male,B.E,Frontend Developer,Pune,38,19,52.6
26,Male,M.Tech,Backend Developer,Gurugram,53,4,17.5
38,Female,MBA,Fullstack Developer,Mumbai,38,16,43.2
21,Male,MBA,DevOps Engineer,Mumbai,53,0,12.1
24,Male,PhD,Fullstack Developer,Noida,54,2,16.4
42,Male,B.Tech,Security Engineer,Gurugram,54,20,60.4
32,Male,MCA,Frontend Developer,Chennai,38,10,26.9
41,Female,MBA,Security Engineer,Gurugram,46,19,49.2
47,Male,B.Tech,Software Engineer,Hyderabad,39,25,69.7
49,Male,B.E,DevOps Engineer,Bengaluru,41,27,75.7
39,Female,PhD,Data Scientist,Mumbai,47,17,50.6
34,Male,B.E,QA Engineer,Pune,48,12,34.7
45,Male,MCA,Engineering Manager,Hyderabad,44,23,86.8
39,Male,BCA,Frontend Developer,Mumbai,40,17,46.9
32,Male,B.Sc IT,Cloud Architect,Kolkata,37,10,47.8
33,Female,M.Tech,DevOps Engineer,Mumbai,36,11,29.9
36,Female,B.Tech,Frontend Developer,Bengaluru,36,14,40.6
21,Female,M.Tech,Cloud Architect,Bengaluru,45,0,26.2
38,Female,MBA,Frontend Developer,Pune,45,16,42.2
30,Male,BCA,Frontend Developer,Noida,48,8,23.3
29,Male,PhD,DevOps Engineer,Kolkata,53,7,29.3
40,Male,BCA,Backend Developer,Pune,49,18,48.9
41,Female,MCA,QA Engineer,Noida,43,19,43.8
39,Male,B.E,QA Engineer,Noida,43,17,53
45,Female,BCA,Cloud Architect,Mumbai,42,23,81
24,Male,MCA,Fullstack Developer,Pune,46,2,8.8
32,Male,B.E,Backend Developer,Kolkata,54,10,31.3
47,Male,B.Tech,Data Scientist,Hyderabad,38,25,88.3
34,Male,BCA,Product Manager,Hyderabad,49,12,40
27,Male,B.Tech,Backend Developer,Bengaluru,49,5,19.2
41,Female,B.E,Software Engineer,Noida,54,19,48.7
29,Female,B.E,Product Manager,Gurugram,37,7,19.5
40,Female,MBA,Security Engineer,Bengaluru,42,18,53.3
41,Male,MCA,Fullstack Developer,Noida,41,19,52.1
39,Female,BCA,Frontend Developer,Chennai,41,17,39
45,Male,B.Tech,Security Engineer,Noida,47,23,69.5
40,Male,B.E,Cloud Architect,Hyderabad,52,18,62.1
30,Male,B.Tech,Software Engineer,Gurugram,37,8,25.6
46,Male,BCA,Cloud Architect,Noida,36,24,82.7
42,Male,BCA,Cloud Architect,Kolkata,36,20,64.2
45,Male,MBA,Software Engineer,Hyderabad,35,23,72.6
25,Male,BCA,Product Manager,Hyderabad,40,3,17
43,Male,B.Sc IT,Product Manager,Kolkata,49,21,58.8
32,Female,B.Sc IT,Product Manager,Hyderabad,42,10,33.9
24,Male,B.E,Data Scientist,Pune,44,2,18.9
43,Male,B.Sc IT,Software Engineer,Mumbai,53,21,63.1
43,Male,M.Tech,Product Manager,Bengaluru,38,21,63.3
37,Female,MCA,QA Engineer,Noida,43,15,34
46,Male,B.Sc IT,Engineering Manager,Chennai,48,24,76.9
32,Female,B.Sc IT,Backend Developer,Bengaluru,54,10,29
26,Male,PhD,Frontend Developer,Bengaluru,37,4,27.6
50,Female,B.E,Engineering Manager,Pune,54,28,75.3
37,Male,MBA,Engineering Manager,Noida,43,15,51
23,Male,PhD,Fullstack Developer,Noida,39,1,13.5
34,Male,MBA,Engineering Manager,Hyderabad,45,12,54.4
26,Male,B.Tech,Fullstack Developer,Hyderabad,40,4,19.7
35,Male,M.Tech,DevOps Engineer,Kolkata,35,13,37.7
33,Female,MBA,Cloud Architect,Hyderabad,40,11,49.1
35,Male,PhD,Product Manager,Noida,48,13,37.7
31,Male,PhD,Fullstack Developer,Pune,54,9,28.6
39,Male,B.Sc IT,Frontend Developer,Kolkata,48,17,50.5
31,Male,B.Sc IT,QA Engineer,Hyderabad,51,9,33.5
50,Female,MBA,Product Manager,Noida,48,28,59.6
49,Male,B.E,DevOps Engineer,Noida,35,27,68.6
49,Male,B.Sc IT,Engineering Manager,Bengaluru,41,27,80.7
36,Male,PhD,Cloud Architect,Pune,49,14,60.6
25,Female,MCA,Fullstack Developer,Gurugram,37,3,8.9
29,Male,B.E,Data Scientist,Bengaluru,49,7,34.7
42,Male,BCA,Cloud Architect,Kolkata,42,20,74.1
29,Male,B.Tech,Frontend Developer,Mumbai,42,7,27.9
36,Female,B.E,QA Engineer,Hyderabad,44,14,35.2
22,Male,M.Tech,Security Engineer,Hyderabad,45,0,18.8
25,Male,B.Tech,Engineering Manager,Mumbai,36,3,26.5
50,Female,MBA,Fullstack Developer,Chennai,48,28,65.6
36,Female,M.Tech,Cloud Architect,Kolkata,51,14,54.1
22,Female,PhD,QA Engineer,Pune,47,0,9.3
39,Male,B.Tech,Product Manager,Gurugram,51,17,47.6
44,Male,B.Sc IT,Cloud Architect,Chennai,47,22,77.9
27,Female,MCA,Frontend Developer,Mumbai,36,5,20.2
47,Male,B.Sc IT,Backend Developer,Gurugram,44,25,70.6
38,Male,MBA,Security Engineer,Pune,39,16,52
24,Female,MCA,Security Engineer,Gurugram,39,2,15.9
33,Male,B.E,Security Engineer,Bengaluru,37,11,37.3
35,Male,BCA,Security Engineer,Chennai,53,13,44.9
45,Female,PhD,Product Manager,Kolkata,40,23,61.8
38,Female,B.Sc IT,Backend Developer,Noida,36,16,35.7
50,Male,B.Tech,Product Manager,Hyderabad,52,28,68.2
29,Male,M.Tech,Fullstack Developer,Bengaluru,38,7,25.7
46,Male,PhD,Software Engineer,Noida,40,24,67.7
42,Female,B.E,Software Engineer,Kolkata,37,20,47.9
36,Female,MCA,Data Scientist,Mumbai,45,14,47.7
31,Male,B.Tech,DevOps Engineer,Chennai,37,9,30.1
33,Female,M.Tech,Cloud Architect,Gurugram,37,11,47.7
46,Male,B.Tech,Fullstack Developer,Gurugram,51,24,57.8
40,Female,B.Tech,Backend Developer,Kolkata,44,18,45.6
46,Female,PhD,Data Scientist,Pune,37,24,74.9
30,Female,B.Tech,Software Engineer,Kolkata,52,8,18.4
44,Male,B.Tech,Cloud Architect,Mumbai,35,22,89.3
33,Male,MBA,Software Engineer,Chennai,38,11,33.2
43,Female,B.E,QA Engineer,Bengaluru,50,21,58.1
23,Female,BCA,Software Engineer,Kolkata,53,1,6.4
26,Male,M.Tech,Fullstack Developer,Hyderabad,35,4,22.3
32,Male,B.E,Fullstack Developer,Hyderabad,37,10,37.7
31,Male,B.Sc IT,QA Engineer,Hyderabad,44,9,31.2
26,Male,MCA,Security Engineer,Pune,50,4,19.7
40,Male,MBA,Frontend Developer,Mumbai,48,18,50.9
25,Male,BCA,Data Scientist,Hyderabad,45,3,26.4
49,Female,B.Tech,Product Manager,Mumbai,44,27,74.6
30,Female,B.Tech,DevOps Engineer,Hyderabad,47,8,26.9
28,Female,M.Tech,Frontend Developer,Hyderabad,46,6,20.6
43,Male,MCA,Frontend Developer,Kolkata,44,21,48.1
29,Male,M.Tech,DevOps Engineer,Gurugram,36,7,24.4
28,Male,B.Sc IT,Frontend Developer,Gurugram,53,6,17
29,Female,MCA,DevOps Engineer,Noida,51,7,20.9
50,Male,M.Tech,Engineering Manager,Pune,51,28,87.6
40,Male,MCA,Frontend Developer,Bengaluru,53,18,55.1
43,Male,B.Sc IT,Engineering Manager,Pune,38,21,73.6
33,Male,BCA,Fullstack Developer,Mumbai,53,11,35.3
40,Female,MCA,Engineering Manager,Chennai,45,18,60.5
24,Female,B.Sc IT,Security Engineer,Gurugram,46,2,13
46,Male,B.E,Product Manager,Mumbai,44,24,59.3
45,Male,B.Tech,DevOps Engineer,Bengaluru,35,23,59
26,Female,PhD,Fullstack Developer,Noida,39,4,20
32,Female,PhD,Security Engineer,Pune,41,10,37.2
42,Female,M.Tech,Software Engineer,Gurugram,37,20,54.8
26,Male,MBA,Fullstack Developer,Noida,45,4,15.4
45,Male,M.Tech,Data Scientist,Mumbai,54,23,71.8
26,Female,MCA,Software Engineer,Mumbai,47,4,15
49,Male,B.Sc IT,Product Manager,Chennai,43,27,72.3
27,Male,B.Tech,QA Engineer,Chennai,36,5,15.1
34,Male,MCA,QA Engineer,Bengaluru,43,12,41.3
31,Male,B.E,Data Scientist,Mumbai,49,9,33.7
47,Male,B.Sc IT,DevOps Engineer,Mumbai,50,25,78.4
48,Male,B.Tech,Frontend Developer,Kolkata,44,26,71.4
47,Male,B.E,Backend Developer,Noida,42,25,57.3
46,Female,PhD,Data Scientist,Bengaluru,49,24,71.4
43,Male,B.Sc IT,Backend Developer,Mumbai,43,21,58.3
26,Female,B.Sc IT,QA Engineer,Chennai,39,4,12.5
23,Male,MBA,Security Engineer,Kolkata,47,1,18.8
26,Male,BCA,DevOps Engineer,Bengaluru,44,4,19.2
50,Male,B.Sc IT,Frontend Developer,Bengaluru,48,28,71.6
25,Female,PhD,Frontend Developer,Bengaluru,37,3,22.9
40,Female,PhD,Fullstack Developer,Kolkata,39,18,46.9
29,Male,B.E,Cloud Architect,Mumbai,44,7,42.6
50,Male,B.Sc IT,Security Engineer,Hyderabad,44,28,97.3
38,Male,PhD,Product Manager,Hyderabad,35,16,54.2
23,Male,B.Sc IT,Frontend Developer,Mumbai,38,1,10.8
27,Male,B.Sc IT,Product Manager,Noida,54,5,16.6
26,Female,MCA,QA Engineer,Noida,46,4,14
50,Male,PhD,Software Engineer,Mumbai,45,28,95.3
28,Male,B.Sc IT,Engineering Manager,Hyderabad,37,6,38.1
31,Male,B.E,Data Scientist,Hyderabad,48,9,37.1
32,Male,M.Tech,Software Engineer,Hyderabad,48,10,40.1
24,Male,MCA,Security Engineer,Hyderabad,39,2,19.5
39,Female,B.E,Product Manager,Mumbai,36,17,48.7
38,Male,BCA,Software Engineer,Noida,45,16,49.3
37,Female,PhD,Security Engineer,Kolkata,41,15,51.8
29,Female,PhD,DevOps Engineer,Chennai,51,7,26.3
45,Male,MBA,Backend Developer,Chennai,35,23,59
22,Male,PhD,Cloud Architect,Noida,43,0,26
48,Female,B.Sc IT,Cloud Architect,Chennai,51,26,85.9
33,Female,B.E,Fullstack Developer,Kolkata,54,11,24.3
22,Male,PhD,Software Engineer,Kolkata,52,0,10.9
26,Female,MCA,Frontend Developer,Gurugram,37,4,14.4
27,Female,MBA,Data Scientist,Hyderabad,38,5,27.5
35,Female,B.Tech,Product Manager,Bengaluru,51,13,39
49,Male,MBA,Data Scientist,Gurugram,49,27,85.3
33,Male,PhD,Product Manager,Bengaluru,49,11,39.1
37,Female,MBA,QA Engineer,Hyderabad,54,15,38.7
30,Female,BCA,Security Engineer,Noida,49,8,25.9
40,Female,MBA,Cloud Architect,Chennai,49,18,56.4
32,Female,B.Sc IT,Data Scientist,Hyderabad,54,10,36.5
25,Male,PhD,Engineering Manager,Gurugram,46,3,31.6
33,Female,M.Tech,DevOps Engineer,Hyderabad,53,11,39.7
50,Male,MCA,QA Engineer,Pune,45,28,70.7
30,Female,B.Sc IT,Software Engineer,Gurugram,49,8,23.9
25,Male,M.Tech,Data Scientist,Gurugram,54,3,23.2
31,Male,MBA,Software Engineer,Chennai,37,9,25.3
23,Male,MCA,Fullstack Developer,Pune,35,1,6.4
31,Male,MBA,Backend Developer,Pune,42,9,28.3
21,Female,PhD,Fullstack Developer,Chennai,40,0,11.3
24,Male,B.E,Product Manager,Gurugram,54,2,9.6
47,Female,PhD,QA Engineer,Chennai,49,25,73.1
38,Male,M.Tech,Frontend Developer,Kolkata,39,16,43.7
21,Male,MBA,DevOps Engineer,Mumbai,44,0,10.7
43,Male,M.Tech,Data Scientist,Kolkata,48,21,75.9
21,Female,PhD,Data Scientist,Mumbai,38,0,23.4
35,Female,MBA,Product Manager,Hyderabad,46,13,43.3
24,Female,B.Sc IT,Security Engineer,Noida,53,2,13.6
47,Male,BCA,Frontend Developer,Hyderabad,39,25,66.9
33,Female,MCA,Cloud Architect,Kolkata,47,11,47
49,Male,M.Tech,Data Scientist,Gurugram,50,27,76.2
46,Male,PhD,Product Manager,Gurugram,39,24,69.1
48,Male,B.Sc IT,QA Engineer,Hyderabad,43,26,72.5
44,Female,B.Sc IT,Security Engineer,Kolkata,48,22,66.4
30,Male,M.Tech,Engineering Manager,Noida,48,8,43.7
21,Male,B.E,Software Engineer,Noida,35,0,4.6
28,Male,B.E,Fullstack Developer,Kolkata,35,6,19.9
21,Female,MCA,Data Scientist,Noida,51,0,11.9
49,Male,M.Tech,Software Engineer,Pune,49,27,64.9
42,Female,B.Tech,Engineering Manager,Bengaluru,44,20,64.3
23,Male,B.Tech,QA Engineer,Bengaluru,45,1,10.6
31,Male,MBA,Product Manager,Bengaluru,43,9,28.9
25,Female,M.Tech,Fullstack Developer,Hyderabad,48,3,17.1
29,Male,B.Tech,Security Engineer,Kolkata,51,7,25.8
32,Male,B.E,Security Engineer,Bengaluru,48,10,41.1
26,Male,MBA,Product Manager,Noida,50,4,18.5
48,Male,PhD,Data Scientist,Bengaluru,38,26,77.7
28,Male,MCA,Data Scientist,Gurugram,44,6,25.3
34,Male,B.Sc IT,Product Manager,Chennai,50,12,34.8
50,Male,MCA,Cloud Architect,Chennai,36,28,98.3
28,Female,MBA,Software Engineer,Noida,44,6,18.4
45,Female,MBA,QA Engineer,Chennai,48,23,63.9
35,Male,PhD,QA Engineer,Gurugram,36,13,49.8
42,Female,M.Tech,Engineering Manager,Gurugram,48,20,61.8
50,Male,BCA,Data Scientist,Kolkata,41,28,76.8
23,Female,B.Tech,Data Scientist,Mumbai,52,1,16.1
30,Male,BCA,QA Engineer,Hyderabad,38,8,32.2
24,Male,M.Tech,Frontend Developer,Gurugram,37,2,12.9
23,Male,B.Sc IT,Cloud Architect,Bengaluru,43,1,27.1
49,Female,PhD,Data Scientist,Bengaluru,52,27,74.3
38,Female,MBA,Security Engineer,Pune,45,16,51.7
43,Male,B.E,QA Engineer,Chennai,50,21,51.3
22,Female,B.Tech,Backend Developer,Mumbai,51,0,8.3
47,Male,B.Sc IT,Data Scientist,Chennai,35,25,77.8
21,Male,MCA,Fullstack Developer,Pune,44,0,4.2
31,Male,B.Tech,Backend Developer,Pune,43,9,28.2
30,Female,BCA,Engineering Manager,Hyderabad,48,8,38.9
47,Female,MCA,Data Scientist,Mumbai,50,25,72.6
30,Female,B.E,Product Manager,Gurugram,45,8,22.5
40,Male,M.Tech,Data Scientist,Gurugram,49,18,67.1
36,Male,B.Sc IT,QA Engineer,Mumbai,37,14,45
37,Female,BCA,Software Engineer,Pune,47,15,37.9
36,Female,B.Sc IT,Security Engineer,Chennai,39,14,37.8
36,Male,B.Sc IT,Engineering Manager,Gurugram,38,14,59.9
40,Male,B.Sc IT,Cloud Architect,Chennai,52,18,70.7
21,Male,B.Sc IT,Frontend Developer,Hyderabad,39,0,8.2
32,Female,MBA,Backend Developer,Noida,35,10,24.5
38,Male,M.Tech,Frontend Developer,Hyderabad,50,16,49.6
42,Male,B.E,Product Manager,Gurugram,47,20,52.6
42,Male,PhD,Fullstack Developer,Chennai,41,20,62.4
22,Male,B.Sc IT,Software Engineer,Mumbai,38,0,7.3
35,Male,MCA,Fullstack Developer,Pune,51,13,33.9
40,Female,M.Tech,Data Scientist,Noida,47,18,55.5
32,Male,B.Sc IT,QA Engineer,Pune,38,10,25.8
46,Male,M.Tech,Engineering Manager,Noida,41,24,83.2
38,Male,B.Sc IT,QA Engineer,Hyderabad,42,16,53
27,Male,B.Tech,Frontend Developer,Noida,42,5,18.5
42,Male,BCA,Software Engineer,Hyderabad,50,20,53.3
42,Female,B.Tech,Cloud Architect,Chennai,46,20,58.7
44,Female,B.E,Software Engineer,Bengaluru,47,22,48.7
37,Male,B.Tech,QA Engineer,Kolkata,45,15,44.4
36,Male,PhD,Engineering Manager,Bengaluru,51,14,63.2
29,Male,B.Tech,Cloud Architect,Hyderabad,53,7,39
48,Male,M.Tech,Engineering Manager,Kolkata,39,26,98.7
50,Male,PhD,Product Manager,Bengaluru,54,28,94
23,Male,B.Sc IT,Frontend Developer,Pune,48,1,5.8
50,Male,B.Tech,Cloud Architect,Chennai,52,28,83.2
50,Male,MBA,Backend Developer,Chennai,43,28,72.9
42,Female,MCA,Security Engineer,Noida,40,20,58.5
39,Male,MCA,DevOps Engineer,Pune,52,17,49.4
33,Female,PhD,Software Engineer,Hyderabad,40,11,43.3
21,Female,B.E,Data Scientist,Gurugram,51,0,12
40,Male,M.Tech,Software Engineer,Pune,43,18,44.5
33,Male,M.Tech,Data Scientist,Chennai,47,11,46.5
32,Male,M.Tech,Backend Developer,Hyderabad,38,10,39.2
42,Male,B.E,Product Manager,Gurugram,51,20,48.1
22,Female,B.Sc IT,QA Engineer,Bengaluru,37,0,6.9
47,Male,B.Sc IT,DevOps Engineer,Hyderabad,45,25,67.4
34,Female,PhD,Engineering Manager,Mumbai,48,12,56
21,Male,PhD,Engineering Manager,Chennai,45,0,26.5
43,Male,B.Sc IT,Fullstack Developer,Mumbai,48,21,57
30,Female,B.E,Security Engineer,Gurugram,47,8,25.3
39,Male,B.Tech,DevOps Engineer,Mumbai,38,17,57.8
24,Male,PhD,Engineering Manager,Chennai,35,2,33.6
23,Male,PhD,Backend Developer,Gurugram,54,1,12.1
41,Male,BCA,Product Manager,Hyderabad,45,19,49.1
42,Female,B.Tech,Data Scientist,Gurugram,40,20,56.3
24,Male,MBA,Product Manager,Hyderabad,37,2,14.9
36,Male,MCA,Data Scientist,Chennai,41,14,44.5
28,Male,MBA,Fullstack Developer,Chennai,48,6,19
47,Female,MBA,QA Engineer,Bengaluru,48,25,75.8
48,Female,B.Tech,Software Engineer,Kolkata,35,26,61.3
37,Male,B.E,Backend Developer,Gurugram,52,15,36.9
39,Male,MCA,DevOps Engineer,Hyderabad,36,17,51.3
45,Male,B.Tech,Product Manager,Chennai,53,23,56.1
44,Female,B.Tech,Software Engineer,Gurugram,42,22,60
21,Male,B.Tech,Software Engineer,Gurugram,37,0,4.1
31,Male,M.Tech,DevOps Engineer,Hyderabad,44,9,38
24,Female,PhD,Data Scientist,Pune,52,2,20.7
43,Male,B.Tech,DevOps Engineer,Chennai,49,21,61.9
49,Female,B.Sc IT,Engineering Manager,Chennai,43,27,71.3
41,Male,M.Tech,Engineering Manager,Pune,50,19,66.8
44,Female,B.E,DevOps Engineer,Hyderabad,54,22,61.2
41,Female,B.Tech,Cloud Architect,Pune,40,19,58.3
44,Male,B.E,Backend Developer,Hyderabad,47,22,67.4
49,Male,PhD,Product Manager,Noida,54,27,75.4
38,Male,M.Tech,Cloud Architect,Bengaluru,49,16,71
44,Male,MCA,Data Scientist,Hyderabad,49,22,76.6
45,Female,M.Tech,Engineering Manager,Kolkata,38,23,78.4
39,Male,MCA,Cloud Architect,Mumbai,43,17,74.9
34,Male,MCA,QA Engineer,Chennai,48,12,29.6
30,Male,B.Sc IT,Product Manager,Noida,54,8,22.6
48,Male,PhD,Frontend Developer,Kolkata,43,26,85
29,Male,BCA,Fullstack Developer,Chennai,48,7,20
44,Female,B.Tech,Fullstack Developer,Mumbai,49,22,64.7
47,Female,M.Tech,Backend Developer,Mumbai,43,25,70.2
44,Male,M.Tech,Software Engineer,Gurugram,48,22,63.6
49,Male,B.Sc IT,DevOps Engineer,Noida,35,27,67.4
27,Male,B.Tech,Fullstack Developer,Chennai,40,5,17.4
39,Female,MCA,Cloud Architect,Chennai,52,17,61.8
30,Female,M.Tech,QA Engineer,Chennai,47,8,25.9
40,Male,BCA,QA Engineer,Chennai,48,18,43.1
22,Female,MCA,Backend Developer,Hyderabad,38,0,7.8
29,Male,B.Tech,Security Engineer,Kolkata,43,7,27.7
49,Male,B.Sc IT,Cloud Architect,Bengaluru,48,27,103.5
48,Female,MCA,DevOps Engineer,Hyderabad,53,26,59.3
39,Male,MBA,Cloud Architect,Gurugram,36,17,71.4
26,Male,B.Sc IT,DevOps Engineer,Kolkata,36,4,15
33,Male,MCA,Frontend Developer,Bengaluru,42,11,37
44,Male,B.E,Backend Developer,Bengaluru,44,22,55.9
46,Female,MBA,Fullstack Developer,Gurugram,53,24,55.5
45,Male,B.E,QA Engineer,Pune,48,23,53.1
29,Female,PhD,Data Scientist,Hyderabad,46,7,34.5
26,Male,M.Tech,Engineering Manager,Kolkata,50,4,36.6
29,Male,B.Sc IT,Product Manager,Pune,48,7,18.6
30,Female,M.Tech,Security Engineer,Pune,54,8,31.8
47,Female,B.E,Data Scientist,Kolkata,35,25,59.6
46,Male,B.E,Cloud Architect,Hyderabad,47,24,74.1
32,Female,M.Tech,DevOps Engineer,Pune,49,10,29.9
39,Male,PhD,Security Engineer,Chennai,39,17,56
40,Male,B.E,Engineering Manager,Chennai,51,18,70.6
35,Female,MCA,Frontend Developer,Hyderabad,41,13,34.3
26,Male,PhD,Data Scientist,Chennai,41,4,31.3
25,Female,M.Tech,Engineering Manager,Mumbai,51,3,28.6
24,Male,B.E,Software Engineer,Hyderabad,54,2,13
35,Male,BCA,Data Scientist,Pune,38,13,49.7
39,Male,PhD,Cloud Architect,Chennai,49,17,58.6
47,Female,MBA,Security Engineer,Pune,53,25,64.9
50,Female,BCA,Cloud Architect,Mumbai,54,28,94.9
43,Male,B.Sc IT,Security Engineer,Chennai,39,21,64.4
47,Female,BCA,Security Engineer,Noida,35,25,72.4
21,Female,PhD,Security Engineer,Kolkata,50,0,17.7
37,Female,B.Tech,Cloud Architect,Pune,37,15,44
43,Male,BCA,Fullstack Developer,Mumbai,53,21,62.8
33,Male,M.Tech,Security Engineer,Chennai,38,11,38.8
49,Male,PhD,Data Scientist,Hyderabad,37,27,97.1
33,Female,BCA,Product Manager,Chennai,35,11,28.1
36,Male,B.E,Cloud Architect,Mumbai,49,14,59.8
34,Female,B.Tech,Product Manager,Gurugram,36,12,31.3
24,Female,B.E,Backend Developer,Mumbai,38,2,10.6
32,Female,B.E,Frontend Developer,Gurugram,45,10,27.3
33,Male,M.Tech,Fullstack Developer,Chennai,52,11,31.6
50,Female,MCA,Data Scientist,Pune,49,28,80
42,Male,B.Tech,QA Engineer,Noida,40,20,61
33,Male,B.Tech,Backend Developer,Chennai,38,11,27.9
25,Male,B.E,Product Manager,Chennai,37,3,11.2
31,Female,B.Tech,Cloud Architect,Noida,48,9,35.4
25,Male,MBA,Fullstack Developer,Kolkata,45,3,12.6
30,Male,MCA,Cloud Architect,Hyderabad,41,8,39.5
40,Male,B.Tech,Product Manager,Bengaluru,52,18,49.3
38,Female,B.E,Product Manager,Noida,42,16,34.3
25,Male,B.Sc IT,DevOps Engineer,Kolkata,35,3,10.6
24,Male,MCA,Frontend Developer,Hyderabad,41,2,11.5
28,Female,MCA,Backend Developer,Mumbai,40,6,19.6
48,Female,B.Sc IT,Fullstack Developer,Kolkata,49,26,67.5
25,Male,B.Sc IT,Frontend Developer,Kolkata,47,3,9.8
35,Male,MBA,Security Engineer,Gurugram,50,13,41.7
31,Male,MBA,DevOps Engineer,Noida,41,9,30.5
25,Female,MBA,Software Engineer,Mumbai,43,3,18
38,Male,MBA,Backend Developer,Kolkata,41,16,41.1
48,Female,B.E,Engineering Manager,Mumbai,46,26,69.6
42,Female,M.Tech,DevOps Engineer,Mumbai,42,20,50.2
22,Male,B.Tech,QA Engineer,Bengaluru,52,0,9
23,Female,B.Sc IT,Security Engineer,Pune,47,1,11.3
25,Male,B.Sc IT,Data Scientist,Bengaluru,54,3,24.6
34,Male,B.E,Software Engineer,Kolkata,52,12,33.2
45,Male,B.Tech,Backend Developer,Chennai,38,23,56.3
25,Male,B.Tech,Fullstack Developer,Gurugram,54,3,10.4
49,Female,PhD,Data Scientist,Bengaluru,53,27,91
44,Male,B.Tech,Cloud Architect,Hyderabad,45,22,82.6
27,Male,B.E,Data Scientist,Pune,38,5,25.6
32,Male,B.Tech,Cloud Architect,Mumbai,36,10,45
50,Male,BCA,Security Engineer,Kolkata,53,28,83.8
31,Male,MBA,QA Engineer,Chennai,47,9,27.7
22,Female,PhD,Security Engineer,Hyderabad,35,0,23.5
48,Female,MBA,DevOps Engineer,Bengaluru,35,26,67
48,Male,MBA,Engineering Manager,Gurugram,49,26,94
22,Female,PhD,Software Engineer,Gurugram,46,0,10.1
24,Female,MBA,Software Engineer,Noida,38,2,9.7
42,Female,B.E,Frontend Developer,Bengaluru,54,20,52.8
36,Male,M.Tech,Data Scientist,Kolkata,49,14,48.8
28,Female,B.E,Software Engineer,Kolkata,53,6,15.6
30,Male,PhD,DevOps Engineer,Noida,44,8,31.7
28,Female,M.Tech,Backend Developer,Mumbai,42,6,20.1
43,Female,MBA,Security Engineer,Noida,36,21,59.4
37,Male,MCA,Backend Developer,Kolkata,40,15,43.6
33,Male,PhD,Backend Developer,Pune,43,11,38.5
49,Female,B.Tech,Cloud Architect,Noida,35,27,82.6
25,Female,M.Tech,Backend Developer,Bengaluru,41,3,16.7
48,Female,B.E,QA Engineer,Pune,43,26,56
39,Male,M.Tech,Engineering Manager,Gurugram,41,17,66.3
30,Male,M.Tech,Product Manager,Noida,51,8,24.1
36,Female,MCA,Fullstack Developer,Bengaluru,47,14,34
48,Female,PhD,Fullstack Developer,Mumbai,53,26,68.8
47,Male,B.Sc IT,Frontend Developer,Hyderabad,35,25,66.2
32,Male,PhD,Software Engineer,Noida,41,10,37.4
44,Female,MCA,Cloud Architect,Pune,53,22,71.5
46,Male,MBA,Backend Developer,Pune,40,24,67.9
38,Male,B.Sc IT,Data Scientist,Pune,35,16,51
44,Male,M.Tech,Product Manager,Chennai,48,22,59.6
48,Male,B.Tech,Cloud Architect,Kolkata,36,26,93.1
30,Male,MBA,Data Scientist,Kolkata,43,8,33.8
33,Male,MCA,DevOps Engineer,Bengaluru,51,11,34.1
40,Male,B.Sc IT,QA Engineer,Mumbai,45,18,53.9
34,Male,MBA,Data Scientist,Gurugram,47,12,43.6
22,Female,B.Sc IT,Fullstack Developer,Bengaluru,54,0,7.5
28,Female,BCA,Security Engineer,Chennai,43,6,21.8
41,Female,MCA,DevOps Engineer,Bengaluru,54,19,43.7
41,Male,B.Tech,Frontend Developer,Gurugram,44,19,55.3
21,Female,MCA,Fullstack Developer,Hyderabad,43,0,7.9
45,Male,BCA,Security Engineer,Gurugram,38,23,69.2
24,Male,B.Tech,QA Engineer,Bengaluru,42,2,13.5
44,Female,B.E,Fullstack Developer,Noida,47,22,53.2
44,Female,B.Tech,Backend Developer,Gurugram,39,22,52.3
48,Female,MBA,Security Engineer,Mumbai,45,26,83.1
25,Male,B.Sc IT,Cloud Architect,Hyderabad,47,3,31.5
49,Male,M.Tech,Backend Developer,Chennai,50,27,84.3
41,Male,B.Sc IT,Cloud Architect,Kolkata,44,19,58.1
35,Male,BCA,Cloud Architect,Pune,36,13,57.8
27,Male,MCA,Software Engineer,Kolkata,53,5,16
49,Male,B.Tech,Product Manager,Mumbai,46,27,86.8
36,Male,BCA,Security Engineer,Noida,38,14,51.2
31,Male,MBA,Frontend Developer,Pune,52,9,26.5
41,Female,MCA,DevOps Engineer,Kolkata,45,19,49.5
46,Female,PhD,DevOps Engineer,Noida,50,24,62.1
41,Male,MBA,DevOps Engineer,Noida,44,19,60.3
50,Female,B.Sc IT,Cloud Architect,Noida,43,28,84.5
30,Female,B.E,QA Engineer,Hyderabad,36,8,27.8
21,Male,MCA,Fullstack Developer,Kolkata,37,0,3.6
48,Male,PhD,Software Engineer,Kolkata,43,26,71.8
22,Female,PhD,Backend Developer,Kolkata,49,0,9.7
26,Male,M.Tech,QA Engineer,Bengaluru,44,4,20.8
37,Male,MBA,Fullstack Developer,Bengaluru,52,15,47.5
46,Male,B.E,Product Manager,Pune,48,24,73.4
40,Female,BCA,Product Manager,Mumbai,50,18,44.1
27,Male,M.Tech,Fullstack Developer,Gurugram,36,5,21.5
23,Male,M.Tech,Data Scientist,Noida,52,1,16.6
28,Male,B.Tech,Frontend Developer,Mumbai,39,6,20.5
44,Female,PhD,DevOps Engineer,Pune,49,22,52.9
36,Female,PhD,Cloud Architect,Gurugram,50,14,47.7
35,Male,MBA,Security Engineer,Pune,49,13,54.4
27,Male,M.Tech,Security Engineer,Bengaluru,38,5,36.1
36,Female,BCA,DevOps Engineer,Noida,35,14,36.4
31,Male,MBA,Cloud Architect,Chennai,35,9,51.1
37,Male,M.Tech,DevOps Engineer,Hyderabad,46,15,43.1
35,Male,MCA,Product Manager,Kolkata,40,13,41.6
42,Female,MBA,Software Engineer,Mumbai,45,20,50.5
23,Male,MBA,Security Engineer,Kolkata,40,1,16.5
32,Female,MBA,Backend Developer,Noida,42,10,31.2
43,Male,BCA,Engineering Manager,Pune,46,21,71.9
42,Male,PhD,Engineering Manager,Pune,47,20,83.9
34,Female,B.Tech,DevOps Engineer,Pune,40,12,34.3
29,Male,B.Tech,Frontend Developer,Pune,37,7,23.9
39,Female,B.Tech,Frontend Developer,Pune,49,17,44.4
24,Male,B.Sc IT,QA Engineer,Hyderabad,44,2,14.8
21,Female,MBA,QA Engineer,Kolkata,35,0,5.4
44,Male,B.E,Data Scientist,Gurugram,49,22,70.7
38,Male,M.Tech,Engineering Manager,Pune,53,16,66.2
50,Female,M.Tech,Data Scientist,Bengaluru,49,28,78.7
24,Male,BCA,Fullstack Developer,Bengaluru,53,2,13.9
23,Male,B.Sc IT,Engineering Manager,Hyderabad,38,1,22.6
25,Female,PhD,Frontend Developer,Gurugram,39,3,17.9
45,Male,MBA,Data Scientist,Gurugram,46,23,79.3
22,Female,PhD,Security Engineer,Mumbai,42,0,20.1
34,Male,BCA,Backend Developer,Noida,53,12,29.9
37,Male,PhD,Fullstack Developer,Bengaluru,51,15,47.9
46,Male,B.E,Data Scientist,Mumbai,44,24,66.7
33,Male,B.Tech,Fullstack Developer,Gurugram,44,11,35.5
38,Male,MCA,Engineering Manager,Pune,51,16,66.2
22,Male,B.E,Security Engineer,Mumbai,54,0,14.3
47,Male,M.Tech,Product Manager,Gurugram,41,25,61.3
43,Male,MBA,Fullstack Developer,Bengaluru,45,21,68.3
34,Male,B.E,Frontend Developer,Chennai,39,12,33.8
30,Female,B.Tech,DevOps Engineer,Pune,37,8,19.9
31,Male,M.Tech,Security Engineer,Pune,39,9,37.6
49,Female,M.Tech,Engineering Manager,Mumbai,35,27,75.8
43,Male,B.Sc IT,Backend Developer,Kolkata,53,21,48.5
45,Male,BCA,Backend Developer,Hyderabad,50,23,56.3
41,Male,MCA,Engineering Manager,Gurugram,52,19,68
33,Male,B.E,Backend Developer,Chennai,35,11,29.8
25,Male,M.Tech,Engineering Manager,Noida,36,3,28.9
49,Male,PhD,Engineering Manager,Pune,49,27,98.5
23,Male,MCA,QA Engineer,Gurugram,42,1,6.7
33,Male,B.E,Engineering Manager,Gurugram,41,11,44.6
25,Female,M.Tech,Frontend Developer,Noida,35,3,14.7
49,Male,MCA,QA Engineer,Kolkata,36,27,62
34,Male,B.Sc IT,Frontend Developer,Bengaluru,40,12,42.1
33,Male,MCA,DevOps Engineer,Chennai,48,11,35.2
30,Male,M.Tech,DevOps Engineer,Gurugram,36,8,23.2
40,Female,M.Tech,Fullstack Developer,Kolkata,50,18,44.5
38,Female,M.Tech,Product Manager,Hyderabad,47,16,41.6
42,Female,B.E,Data Scientist,Mumbai,37,20,61.2
41,Male,B.Sc IT,Engineering Manager,Noida,52,19,76.2
48,Female,B.E,Data Scientist,Mumbai,48,26,62.5
29,Female,BCA,Backend Developer,Kolkata,40,7,19
43,Female,MCA,Backend Developer,Mumbai,36,21,46.8
35,Male,PhD,Data Scientist,Mumbai,50,13,48.6
27,Male,BCA,Software Engineer,Gurugram,46,5,18.8
40,Male,B.Sc IT,Product Manager,Chennai,43,18,48.9
31,Male,B.Sc IT,Fullstack Developer,Kolkata,43,9,25.8
28,Female,B.Tech,Data Scientist,Chennai,45,6,25.2
41,Female,MCA,Cloud Architect,Kolkata,43,19,68.7
25,Male,B.Tech,Frontend Developer,Noida,54,3,12.4
35,Female,B.Tech,Data Scientist,Gurugram,46,13,41.5
31,Male,MCA,Software Engineer,Hyderabad,50,9,27.3
41,Male,MBA,Frontend Developer,Bengaluru,35,19,56.5
27,Female,MCA,Fullstack Developer,Noida,51,5,14.9
29,Male,MCA,QA Engineer,Gurugram,38,7,19
43,Male,MBA,Engineering Manager,Noida,36,21,64.7
47,Male,MBA,Frontend Developer,Bengaluru,53,25,69.2
49,Female,BCA,Data Scientist,Gurugram,50,27,70.1
27,Male,B.E,Data Scientist,Hyderabad,51,5,26.2
39,Female,PhD,Cloud Architect,Chennai,46,17,62.9
27,Female,B.Sc IT,Software Engineer,Kolkata,46,5,15.8
22,Male,B.Tech,Backend Developer,Kolkata,49,0,3.5
31,Male,M.Tech,Data Scientist,Kolkata,40,9,36.3
50,Female,B.Sc IT,QA Engineer,Chennai,39,28,71.2
26,Male,B.E,Fullstack Developer,Pune,40,4,15.2
24,Male,PhD,Security Engineer,Bengaluru,37,2,28.3
36,Male,B.E,Data Scientist,Hyderabad,51,14,43.6
28,Male,MCA,DevOps Engineer,Mumbai,44,6,22.5
42,Male,B.E,Frontend Developer,Mumbai,54,20,62.8
41,Male,B.Tech,Fullstack Developer,Mumbai,39,19,57.3
37,Male,PhD,Fullstack Developer,Pune,53,15,41.9
49,Female,PhD,QA Engineer,Gurugram,42,27,61.5
35,Female,B.Sc IT,Security Engineer,Bengaluru,48,13,49.2
47,Female,B.E,Software Engineer,Chennai,37,25,60.6
39,Male,B.E,Software Engineer,Mumbai,38,17,57.8
23,Female,MCA,DevOps Engineer,Mumbai,42,1,10.6
24,Female,BCA,Cloud Architect,Pune,39,2,23.7
34,Female,M.Tech,Frontend Developer,Hyderabad,38,12,36.4
22,Male,PhD,Engineering Manager,Chennai,43,0,22.9
38,Male,B.Sc IT,Frontend Developer,Gurugram,50,16,47
36,Male,PhD,Software Engineer,Pune,50,14,40.2
32,Female,B.Sc IT,Fullstack Developer,Bengaluru,38,10,25.9
26,Male,MBA,Software Engineer,Bengaluru,43,4,21.4
40,Male,B.E,Backend Developer,Bengaluru,46,18,60
40,Female,B.Sc IT,Data Scientist,Mumbai,39,18,59.3
24,Male,MBA,Cloud Architect,Bengaluru,39,2,30.4
50,Male,PhD,Software Engineer,Noida,44,28,87.1
29,Male,B.Tech,Fullstack Developer,Hyderabad,37,7,22.3
23,Male,B.E,Data Scientist,Gurugram,53,1,13.4
32,Male,M.Tech,DevOps Engineer,Bengaluru,41,10,37.2
42,Male,M.Tech,Engineering Manager,Noida,36,20,77.6
25,Male,B.Tech,DevOps Engineer,Gurugram,39,3,12.6
35,Male,B.Tech,Fullstack Developer,Bengaluru,46,13,37.5
31,Female,B.E,DevOps Engineer,Gurugram,37,9,26.5
36,Male,BCA,Security Engineer,Chennai,48,14,41.9
45,Female,B.Sc IT,Fullstack Developer,Pune,48,23,49.6
21,Female,B.Sc IT,Cloud Architect,Kolkata,44,0,14.8
44,Male,MCA,QA Engineer,Pune,36,22,58.7
37,Male,MBA,Software Engineer,Mumbai,52,15,47.3
49,Male,MCA,Engineering Manager,Pune,42,27,80.7
46,Male,M.Tech,Fullstack Developer,Chennai,49,24,63.3
29,Male,MBA,Engineering Manager,Pune,53,7,40.6
41,Female,B.Sc IT,Backend Developer,Hyderabad,39,19,45.5
36,Male,PhD,Backend Developer,Mumbai,43,14,47.7
25,Female,M.Tech,Backend Developer,Chennai,46,3,12.8
46,Female,MCA,QA Engineer,Pune,43,24,51.7
44,Female,MCA,Fullstack Developer,Pune,37,22,57.4
41,Male,MBA,Frontend Developer,Hyderabad,40,19,56.8
37,Female,B.E,Data Scientist,Bengaluru,41,15,50.2
29,Male,B.Sc IT,Software Engineer,Noida,35,7,24.4
38,Male,MBA,Security Engineer,Gurugram,39,16,50.7
24,Female,M.Tech,Fullstack Developer,Mumbai,48,2,15.8
39,Male,MBA,Software Engineer,Kolkata,44,17,55.8
32,Male,B.E,Data Scientist,Gurugram,47,10,35.9
48,Female,B.Sc IT,DevOps Engineer,Kolkata,39,26,67.1
27,Male,MBA,DevOps Engineer,Kolkata,51,5,21.1
42,Male,B.Tech,Backend Developer,Mumbai,48,20,59
38,Female,B.Sc IT,DevOps Engineer,Bengaluru,53,16,41.8
40,Male,BCA,Software Engineer,Chennai,35,18,45.2
21,Male,PhD,DevOps Engineer,Kolkata,40,0,11.9
42,Male,B.Sc IT,DevOps Engineer,Pune,53,20,48.9
48,Female,MBA,Software Engineer,Chennai,51,26,62
36,Male,B.Tech,Engineering Manager,Noida,37,14,60.6
29,Female,B.E,Engineering Manager,Pune,53,7,32
40,Female,MCA,QA Engineer,Mumbai,42,18,42.1
28,Female,BCA,Security Engineer,Hyderabad,49,6,25.5
36,Female,B.E,DevOps Engineer,Kolkata,37,14,39
42,Male,B.Sc IT,DevOps Engineer,Hyderabad,52,20,62.7
22,Female,B.E,Frontend Developer,Bengaluru,53,0,8
46,Female,B.E,Data Scientist,Chennai,53,24,73
33,Female,MCA,Backend Developer,Mumbai,43,11,27.2
22,Female,PhD,Data Scientist,Hyderabad,38,0,22.7
41,Female,MCA,Security Engineer,Gurugram,47,19,47.7
30,Male,B.Tech,Software Engineer,Mumbai,35,8,28.1
23,Female,MCA,Cloud Architect,Noida,52,1,20.2
31,Male,MCA,Software Engineer,Noida,37,9,29.5
40,Male,B.Tech,Backend Developer,Pune,45,18,43.2
22,Male,M.Tech,Cloud Architect,Kolkata,39,0,24.7
42,Male,MCA,Software Engineer,Kolkata,42,20,48.7
28,Male,M.Tech,Security Engineer,Chennai,36,6,33.9
44,Female,B.Tech,DevOps Engineer,Noida,51,22,52.4
29,Female,B.Sc IT,Cloud Architect,Kolkata,41,7,32.9
47,Male,B.E,Backend Developer,Gurugram,47,25,57.3
47,Male,B.Tech,Cloud Architect,Chennai,48,25,76.5
29,Male,B.E,Software Engineer,Gurugram,47,7,19.6
32,Female,B.Sc IT,QA Engineer,Pune,45,10,27.2
35,Female,B.E,Frontend Developer,Hyderabad,38,13,41.3
32,Male,B.E,Data Scientist,Chennai,50,10,36.1
49,Male,M.Tech,Frontend Developer,Bengaluru,47,27,88.7
25,Male,MCA,Security Engineer,Kolkata,35,3,17.7
36,Female,B.Tech,Cloud Architect,Gurugram,45,14,50.6
25,Male,MBA,Engineering Manager,Chennai,51,3,30.4
28,Female,BCA,Product Manager,Hyderabad,53,6,18.2
29,Male,B.Tech,Frontend Developer,Bengaluru,53,7,25.4
39,Female,MCA,DevOps Engineer,Gurugram,51,17,45.7
31,Female,B.Sc IT,Backend Developer,Pune,53,9,25.6
41,Male,M.Tech,Security Engineer,Mumbai,54,19,63
48,Male,M.Tech,Product Manager,Gurugram,53,26,71.3
31,Male,B.Sc IT,DevOps Engineer,Noida,46,9,29.8
25,Female,BCA,Engineering Manager,Pune,52,3,20.9
33,Female,BCA,Fullstack Developer,Bengaluru,50,11,28.5
27,Male,MBA,Security Engineer,Chennai,45,5,28
32,Male,B.E,Frontend Developer,Hyderabad,50,10,30.9
50,Male,B.Sc IT,Backend Developer,Kolkata,46,28,75.2
42,Male,M.Tech,QA Engineer,Pune,48,20,50.5
29,Male,PhD,QA Engineer,Kolkata,37,7,29.9
25,Male,B.E,Software Engineer,Mumbai,47,3,13.4
27,Male,MBA,Frontend Developer,Bengaluru,47,5,24.3
46,Male,MBA,Fullstack Developer,Gurugram,54,24,74.7
21,Male,M.Tech,Backend Developer,Hyderabad,45,0,11.4
26,Male,B.Tech,Product Manager,Bengaluru,42,4,17.3
43,Male,B.Sc IT,Product Manager,Noida,46,21,60.7
22,Female,B.E,Frontend Developer,Hyderabad,44,0,7.6
31,Male,BCA,DevOps Engineer,Bengaluru,42,9,26.5
29,Male,BCA,Data Scientist,Pune,39,7,32.9
39,Female,B.Sc IT,Fullstack Developer,Noida,35,17,47.7
30,Male,B.Tech,DevOps Engineer,Mumbai,40,8,28.9
22,Male,MBA,Backend Developer,Hyderabad,39,0,12.6
25,Male,M.Tech,DevOps Engineer,Bengaluru,47,3,19.9
46,Female,M.Tech,Data Scientist,Mumbai,51,24,77.1
26,Female,M.Tech,Data Scientist,Bengaluru,41,4,29
44,Male,MCA,Frontend Developer,Bengaluru,35,22,56.7
45,Male,BCA,Backend Developer,Mumbai,42,23,62.7
33,Male,B.Sc IT,Backend Developer,Pune,48,11,32.1
44,Female,B.Sc IT,Frontend Developer,Bengaluru,50,22,60.6
30,Male,B.E,Cloud Architect,Noida,52,8,33.9
33,Female,M.Tech,Software Engineer,Hyderabad,50,11,39.3
28,Female,B.Tech,DevOps Engineer,Noida,51,6,19.3
43,Male,MBA,Fullstack Developer,Pune,50,21,57.4
27,Male,PhD,DevOps Engineer,Mumbai,41,5,28.2
34,Female,BCA,QA Engineer,Mumbai,45,12,37.1
38,Male,M.Tech,DevOps Engineer,Mumbai,54,16,44.3
21,Male,B.Sc IT,Software Engineer,Chennai,40,0,4
39,Female,MCA,Cloud Architect,Bengaluru,39,17,56
33,Male,M.Tech,Data Scientist,Mumbai,40,11,52
44,Male,B.Sc IT,Product Manager,Kolkata,48,22,51.6
50,Male,PhD,Cloud Architect,Noida,41,28,96.6
38,Male,M.Tech,Engineering Manager,Kolkata,42,16,60.1
42,Male,MBA,Fullstack Developer,Bengaluru,54,20,53.9
21,Male,B.E,Cloud Architect,Chennai,51,0,18.4
23,Female,MCA,Software Engineer,Mumbai,43,1,10.7
45,Male,B.Sc IT,Fullstack Developer,Gurugram,41,23,68.2
44,Female,B.Sc IT,Security Engineer,Chennai,35,22,57.4
45,Female,MCA,Data Scientist,Bengaluru,43,23,71.3
45,Female,B.Sc IT,Frontend Developer,Bengaluru,42,23,64.3
44,Male,MBA,Engineering Manager,Gurugram,43,22,82.6
43,Female,B.Sc IT,Frontend Developer,Mumbai,37,21,54.2
42,Female,M.Tech,Backend Developer,Mumbai,43,20,62.7
36,Female,MBA,Product Manager,Chennai,49,14,38.9
24,Male,B.E,Engineering Manager,Gurugram,47,2,25.1
22,Male,MCA,QA Engineer,Pune,50,0,4.4
41,Male,B.Sc IT,Frontend Developer,Chennai,49,19,45.4
27,Male,BCA,DevOps Engineer,Hyderabad,52,5,22.3
35,Female,B.E,Frontend Developer,Noida,43,13,35.3
23,Female,BCA,Fullstack Developer,Bengaluru,45,1,9.9
40,Male,PhD,DevOps Engineer,Kolkata,52,18,49.3
33,Female,B.Tech,Engineering Manager,Noida,47,11,47.5
49,Male,M.Tech,Fullstack Developer,Pune,49,27,80.9
21,Female,MBA,QA Engineer,Bengaluru,41,0,8.7
29,Female,M.Tech,QA Engineer,Chennai,40,7,18.8
24,Male,B.Tech,Software Engineer,Chennai,43,2,8.5
22,Male,MBA,QA Engineer,Chennai,51,0,6.9
40,Male,PhD,Fullstack Developer,Noida,35,18,50.5
49,Female,B.Sc IT,DevOps Engineer,Bengaluru,37,27,68.5
23,Female,B.Sc IT,DevOps Engineer,Noida,51,1,5.3
34,Female,PhD,Product Manager,Gurugram,50,12,32.4
50,Male,M.Tech,Frontend Developer,Mumbai,46,28,70.9
42,Male,B.Tech,DevOps Engineer,Bengaluru,47,20,52.1
29,Male,BCA,Cloud Architect,Hyderabad,49,7,40
40,Female,MBA,Frontend Developer,Pune,53,18,40.3
45,Female,M.Tech,Fullstack Developer,Mumbai,35,23,63.2
47,Male,B.Sc IT,Cloud Architect,Kolkata,53,25,71
40,Male,M.Tech,Product Manager,Gurugram,43,18,48.9
22,Male,B.Sc IT,Security Engineer,Pune,45,0,13.4
29,Female,BCA,Cloud Architect,Gurugram,42,7,31.1
23,Male,B.E,Security Engineer,Hyderabad,41,1,18.2
30,Male,B.E,Backend Developer,Pune,39,8,20.7
23,Female,BCA,QA Engineer,Bengaluru,53,1,8
35,Female,BCA,Software Engineer,Bengaluru,43,13,32.4
37,Female,B.E,QA Engineer,Bengaluru,42,15,45.9
23,Male,B.E,Fullstack Developer,Pune,46,1,6.7
22,Female,MCA,Software Engineer,Gurugram,50,0,3.3
30,Male,B.Sc IT,Security Engineer,Hyderabad,42,8,38.4
49,Female,B.E,Software Engineer,Noida,42,27,73
29,Male,MCA,Cloud Architect,Chennai,51,7,35
25,Male,B.Sc IT,Cloud Architect,Pune,38,3,24.4
23,Female,PhD,Cloud Architect,Noida,37,1,28.3
48,Female,M.Tech,Frontend Developer,Chennai,46,26,66.2
43,Female,M.Tech,Engineering Manager,Kolkata,40,21,65.5
23,Female,B.Tech,Data Scientist,Hyderabad,39,1,16.7
38,Male,B.Sc IT,Frontend Developer,Hyderabad,51,16,41.5
32,Female,B.Sc IT,Software Engineer,Bengaluru,52,10,29.2
29,Male,B.E,Cloud Architect,Hyderabad,48,7,43.7
34,Male,MCA,QA Engineer,Hyderabad,52,12,34.4
32,Female,PhD,Software Engineer,Chennai,44,10,33.7
33,Female,B.Sc IT,Data Scientist,Chennai,44,11,32.8
29,Male,MCA,Product Manager,Noida,46,7,19.9
33,Female,PhD,Cloud Architect,Kolkata,53,11,44.2
29,Female,BCA,Engineering Manager,Kolkata,42,7,30.8
27,Male,PhD,Product Manager,Kolkata,50,5,23.3
27,Female,B.Tech,Product Manager,Mumbai,44,5,18.3
46,Male,B.Sc IT,QA Engineer,Noida,43,24,61
40,Female,PhD,Fullstack Developer,Noida,47,18,48
43,Female,B.Tech,Frontend Developer,Noida,41,21,51.3
48,Female,M.Tech,Engineering Manager,Noida,44,26,73.5
41,Male,B.Tech,QA Engineer,Pune,44,19,46.9
21,Female,B.E,Security Engineer,Pune,50,0,11.3
37,Male,B.Sc IT,Software Engineer,Pune,43,15,44.1
27,Female,M.Tech,Engineering Manager,Hyderabad,51,5,30.9
21,Male,M.Tech,DevOps Engineer,Pune,38,0,6.5
48,Female,B.Tech,Cloud Architect,Chennai,52,26,77.1
43,Female,BCA,Backend Developer,Pune,51,21,55
44,Male,PhD,Product Manager,Mumbai,38,22,80.4
46,Male,M.Tech,Product Manager,Chennai,50,24,67.3
36,Male,B.Sc IT,Security Engineer,Hyderabad,49,14,46.8
39,Female,BCA,Backend Developer,Hyderabad,47,17,41.1
21,Male,B.E,Backend Developer,Bengaluru,52,0,7.5
25,Male,B.E,Software Engineer,Hyderabad,50,3,15.8
24,Female,MCA,Backend Developer,Chennai,47,2,8.7
47,Male,B.E,QA Engineer,Gurugram,53,25,57.2
33,Female,PhD,Fullstack Developer,Chennai,51,11,29.5
22,Male,MBA,Engineering Manager,Bengaluru,51,0,29.5
24,Female,PhD,Data Scientist,Noida,39,2,21.9
25,Female,MBA,Frontend Developer,Bengaluru,40,3,14.5
29,Male,MBA,Software Engineer,Hyderabad,37,7,24.9
36,Female,BCA,Product Manager,Hyderabad,39,14,33.3
23,Male,B.E,Software Engineer,Gurugram,51,1,7.4
21,Female,M.Tech,Cloud Architect,Hyderabad,39,0,24.9
40,Female,B.Sc IT,Software Engineer,Mumbai,49,18,45.8
37,Female,M.Tech,Backend Developer,Kolkata,46,15,44.4
43,Male,MCA,Frontend Developer,Chennai,37,21,50.2
21,Female,MCA,Security Engineer,Mumbai,36,0,15.4
23,Female,MBA,Software Engineer,Chennai,38,1,9.8
29,Male,M.Tech,Data Scientist,Kolkata,52,7,33.2
40,Male,MBA,Frontend Developer,Hyderabad,53,18,59.8
25,Female,PhD,Fullstack Developer,Mumbai,38,3,18.5
32,Female,PhD,Backend Developer,Kolkata,49,10,36.9
26,Female,B.Tech,Backend Developer,Chennai,45,4,14.5
39,Male,MCA,QA Engineer,Noida,37,17,49.4
40,Female,B.E,Data Scientist,Chennai,38,18,49
32,Female,M.Tech,Security Engineer,Kolkata,45,10,31.4
23,Female,PhD,Engineering Manager,Kolkata,45,1,23.6
26,Male,PhD,QA Engineer,Hyderabad,52,4,26.2
42,Female,MBA,Frontend Developer,Mumbai,50,20,54
34,Male,MBA,Security Engineer,Gurugram,53,12,48.6
36,Male,BCA,Cloud Architect,Kolkata,43,14,60.5
31,Female,B.Sc IT,Software Engineer,Mumbai,37,9,26.2
42,Female,MBA,Data Scientist,Chennai,45,20,56.9
42,Male,B.Tech,Software Engineer,Kolkata,44,20,46.3
31,Male,M.Tech,Security Engineer,Hyderabad,53,9,36.8
43,Male,M.Tech,Security Engineer,Bengaluru,52,21,75.1
35,Female,BCA,Data Scientist,Chennai,38,13,39.9
32,Male,MBA,QA Engineer,Kolkata,49,10,29.9
42,Male,B.E,Product Manager,Chennai,38,20,62
48,Male,B.Sc IT,Cloud Architect,Chennai,53,26,76
29,Male,MCA,QA Engineer,Bengaluru,39,7,24.4
30,Male,M.Tech,Security Engineer,Kolkata,40,8,36.8
49,Female,B.E,Security Engineer,Kolkata,51,27,61.9
46,Female,B.Tech,Product Manager,Kolkata,47,24,56.2
35,Female,B.Tech,Frontend Developer,Noida,40,13,28.7
30,Female,B.Sc IT,Engineering Manager,Noida,38,8,37.3
28,Male,PhD,Product Manager,Mumbai,44,6,29.5
44,Male,BCA,Product Manager,Kolkata,42,22,52.6
49,Male,M.Tech,Security Engineer,Pune,50,27,81
34,Male,B.Tech,Product Manager,Mumbai,38,12,38.6
23,Male,B.E,QA Engineer,Pune,36,1,6.1
31,Female,B.Sc IT,Software Engineer,Hyderabad,53,9,25.3
50,Male,PhD,Product Manager,Mumbai,52,28,82.8
35,Female,PhD,Security Engineer,Noida,51,13,52.2
47,Female,B.Tech,Cloud Architect,Pune,53,25,81.1
49,Female,PhD,QA Engineer,Gurugram,44,27,75.2
24,Male,B.Sc IT,Security Engineer,Mumbai,37,2,19.5
47,Male,M.Tech,Cloud Architect,Kolkata,36,25,78.8
28,Male,MCA,Security Engineer,Gurugram,40,6,29.8
36,Female,B.Tech,Product Manager,Kolkata,38,14,37.9
27,Male,MCA,QA Engineer,Chennai,45,5,17.2
49,Female,B.Sc IT,Engineering Manager,Hyderabad,42,27,81.8
32,Male,B.Sc IT,Fullstack Developer,Bengaluru,54,10,28.3
45,Female,B.E,Security Engineer,Pune,47,23,59.3
43,Female,PhD,Fullstack Developer,Bengaluru,43,21,57.6
27,Male,BCA,DevOps Engineer,Pune,38,5,17.1
28,Male,B.Sc IT,Frontend Developer,Bengaluru,48,6,24.1
37,Male,PhD,Frontend Developer,Gurugram,53,15,48.8
43,Male,PhD,DevOps Engineer,Bengaluru,36,21,63.2
22,Male,MBA,Software Engineer,Pune,51,0,6.6
43,Female,B.E,Fullstack Developer,Hyderabad,48,21,52.6
28,Female,B.E,Product Manager,Pune,42,6,18.4
49,Male,B.Sc IT,QA Engineer,Noida,38,27,72.2
47,Male,B.Tech,DevOps Engineer,Gurugram,39,25,71.9
39,Female,B.Tech,Backend Developer,Gurugram,39,17,46.2
35,Male,PhD,Software Engineer,Gurugram,43,13,45.8
33,Male,B.Tech,QA Engineer,Noida,39,11,33.7
45,Female,B.Sc IT,Cloud Architect,Gurugram,48,23,75.3
41,Female,PhD,Data Scientist,Mumbai,44,19,68.6
49,Male,M.Tech,DevOps Engineer,Chennai,42,27,68.4
21,Male,MCA,Engineering Manager,Pune,36,0,17.7
28,Male,MCA,Engineering Manager,Noida,45,6,32
45,Female,B.E,Engineering Manager,Bengaluru,45,23,77.2
49,Female,PhD,Security Engineer,Mumbai,40,27,92.5
44,Male,MBA,Fullstack Developer,Kolkata,51,22,61.9
49,Male,B.Sc IT,Cloud Architect,Mumbai,40,27,78.2
25,Male,BCA,Product Manager,Mumbai,49,3,16
29,Male,BCA,QA Engineer,Mumbai,37,7,22.8
35,Female,MBA,Frontend Developer,Mumbai,52,13,42.4
26,Male,B.Tech,Fullstack Developer,Chennai,38,4,16.1
38,Male,M.Tech,Data Scientist,Hyderabad,50,16,66.2
40,Male,B.E,Fullstack Developer,Hyderabad,35,18,56.4
36,Male,BCA,Security Engineer,Pune,36,14,49.8
36,Female,B.Tech,Software Engineer,Bengaluru,38,14,41.8
27,Male,M.Tech,Backend Developer,Hyderabad,43,5,21.5
31,Female,B.Tech,Frontend Developer,Chennai,52,9,21.3
41,Male,PhD,Software Engineer,Bengaluru,43,19,68.6
31,Female,M.Tech,Product Manager,Hyderabad,49,9,28.5
46,Male,B.E,Frontend Developer,Pune,48,24,68.3
28,Male,B.Tech,Backend Developer,Gurugram,46,6,16.4
45,Female,BCA,QA Engineer,Kolkata,52,23,62.3
25,Male,BCA,Frontend Developer,Mumbai,53,3,16.6
38,Male,BCA,Backend Developer,Pune,45,16,47.6
47,Male,B.Tech,Software Engineer,Mumbai,43,25,64.8
45,Male,B.E,Data Scientist,Pune,50,23,74.4
25,Male,M.Tech,Frontend Developer,Mumbai,43,3,18.4
29,Male,B.Sc IT,Engineering Manager,Noida,36,7,36.1
34,Female,MCA,Frontend Developer,Mumbai,38,12,33.8
25,Male,PhD,DevOps Engineer,Mumbai,52,3,23.9
44,Male,MCA,Product Manager,Bengaluru,52,22,64.8
44,Male,B.E,DevOps Engineer,Mumbai,51,22,58.9
42,Male,M.Tech,Security Engineer,Mumbai,36,20,71.6
30,Male,MCA,Product Manager,Noida,45,8,24.5
35,Female,B.Sc IT,Cloud Architect,Noida,38,13,43.2
50,Male,M.Tech,DevOps Engineer,Hyderabad,38,28,85.4
47,Male,PhD,Backend Developer,Mumbai,51,25,86.8
37,Male,B.E,Software Engineer,Gurugram,38,15,39.9
48,Male,BCA,Data Scientist,Chennai,42,26,69.9
27,Female,BCA,QA Engineer,Chennai,41,5,16.7
47,Female,PhD,DevOps Engineer,Pune,51,25,74.3
42,Male,M.Tech,Frontend Developer,Gurugram,53,20,52.8
42,Female,BCA,Product Manager,Mumbai,42,20,49.5
29,Male,M.Tech,Security Engineer,Mumbai,48,7,31.6
42,Male,PhD,Backend Developer,Bengaluru,54,20,55.7
29,Male,BCA,Cloud Architect,Pune,38,7,36.3
24,Male,B.E,QA Engineer,Mumbai,52,2,14.8
36,Female,MBA,Cloud Architect,Bengaluru,52,14,59.5
37,Male,BCA,Software Engineer,Gurugram,48,15,45.6
39,Female,B.Sc IT,Software Engineer,Kolkata,43,17,40.5
44,Female,B.E,DevOps Engineer,Pune,35,22,46.2
35,Female,B.Sc IT,Cloud Architect,Bengaluru,40,13,50.7
38,Male,B.Sc IT,Software Engineer,Noida,35,16,44.4
43,Female,M.Tech,Frontend Developer,Mumbai,51,21,54
41,Male,B.E,Data Scientist,Gurugram,43,19,55.1
21,Male,MCA,Frontend Developer,Mumbai,54,0,7.5
44,Female,MCA,Cloud Architect,Gurugram,52,22,74.7
24,Female,M.Tech,Cloud Architect,Bengaluru,41,2,25.8
36,Male,B.E,Frontend Developer,Chennai,37,14,39.4
26,Male,M.Tech,Engineering Manager,Kolkata,37,4,31
44,Female,MBA,DevOps Engineer,Pune,36,22,61.8
22,Female,PhD,Cloud Architect,Pune,39,0,21.4
26,Male,MCA,Engineering Manager,Hyderabad,35,4,34
42,Female,M.Tech,Backend Developer,Hyderabad,36,20,56.2
47,Female,MBA,Data Scientist,Noida,45,25,70.4
38,Female,PhD,Data Scientist,Pune,36,16,45.5
45,Male,MBA,Data Scientist,Pune,40,23,71.9
29,Male,MBA,Engineering Manager,Chennai,52,7,33.8
34,Male,B.Sc IT,Fullstack Developer,Chennai,49,12,33.9
24,Male,B.Sc IT,Cloud Architect,Hyderabad,48,2,24
24,Female,M.Tech,QA Engineer,Gurugram,45,2,10.2
40,Female,M.Tech,Data Scientist,Gurugram,36,18,59.3
38,Male,MCA,Product Manager,Mumbai,35,16,51.1
28,Female,M.Tech,Security Engineer,Chennai,52,6,26
23,Female,B.E,Engineering Manager,Gurugram,38,1,21.1
40,Male,MCA,Frontend Developer,Hyderabad,45,18,54.9
42,Female,MCA,Data Scientist,Mumbai,44,20,57.5
42,Male,BCA,DevOps Engineer,Gurugram,50,20,57.6
35,Male,MCA,Security Engineer,Bengaluru,51,13,51.1
38,Male,MBA,Frontend Developer,Chennai,36,16,41.2
31,Female,M.Tech,Security Engineer,Bengaluru,51,9,39.7
25,Male,B.Tech,Security Engineer,Chennai,43,3,21.6
31,Female,PhD,Data Scientist,Chennai,46,9,35.7
27,Male,PhD,DevOps Engineer,Hyderabad,46,5,30.1
25,Female,MBA,QA Engineer,Gurugram,37,3,11.2
46,Female,MBA,Software Engineer,Bengaluru,50,24,69.7
32,Male,B.Tech,DevOps Engineer,Kolkata,40,10,27
43,Male,M.Tech,Data Scientist,Chennai,45,21,74.2
44,Female,MCA,Frontend Developer,Pune,39,22,51.5
37,Female,B.Tech,Frontend Developer,Pune,46,15,37.4
32,Male,M.Tech,Security Engineer,Kolkata,37,10,40.3
50,Male,B.Sc IT,Cloud Architect,Pune,54,28,79.5
44,Male,MCA,Data Scientist,Pune,41,22,57.8
32,Male,B.E,Cloud Architect,Gurugram,45,10,41.7
34,Male,BCA,DevOps Engineer,Bengaluru,51,12,41.2
48,Male,B.E,Backend Developer,Hyderabad,48,26,68.6
28,Female,MCA,Security Engineer,Gurugram,46,6,21.7
45,Male,B.Sc IT,Frontend Developer,Gurugram,36,23,66.5
36,Male,B.Sc IT,Backend Developer,Pune,35,14,42.2
28,Male,MCA,Product Manager,Hyderabad,37,6,24.8
38,Female,MBA,Data Scientist,Noida,53,16,55.8
32,Male,B.Tech,Frontend Developer,Mumbai,54,10,32.8
50,Female,BCA,Software Engineer,Noida,40,28,76.6
42,Male,B.Sc IT,QA Engineer,Hyderabad,37,20,60.5
45,Male,B.Sc IT,Fullstack Developer,Bengaluru,37,23,62.6
43,Male,B.E,Fullstack Developer,Pune,51,21,60.1
29,Male,M.Tech,Data Scientist,Hyderabad,43,7,40.8
47,Female,B.E,Engineering Manager,Mumbai,35,25,85
24,Male,B.Sc IT,Backend Developer,Chennai,46,2,7.7
42,Female,B.Sc IT,Frontend Developer,Chennai,46,20,51.8
43,Female,B.Tech,Security Engineer,Hyderabad,36,21,66.7
45,Male,MCA,Backend Developer,Noida,40,23,69.9
31,Female,BCA,DevOps Engineer,Gurugram,50,9,22.7
30,Male,BCA,Frontend Developer,Chennai,42,8,24.1
50,Male,B.E,Frontend Developer,Pune,49,28,78.7
22,Female,B.Tech,Fullstack Developer,Pune,43,0,3.6
21,Female,PhD,QA Engineer,Kolkata,43,0,9.2
23,Female,M.Tech,DevOps Engineer,Chennai,44,1,9.5
25,Male,PhD,Security Engineer,Kolkata,35,3,30.1
21,Female,MCA,Backend Developer,Kolkata,42,0,4
22,Male,PhD,Backend Developer,Chennai,37,0,12.3
42,Male,B.Tech,Fullstack Developer,Pune,41,20,56.8
38,Female,MCA,Software Engineer,Chennai,50,16,35.6
47,Male,MBA,Software Engineer,Chennai,39,25,62
34,Male,B.Tech,Backend Developer,Gurugram,54,12,35.3
37,Male,BCA,Data Scientist,Hyderabad,47,15,53
39,Female,PhD,Product Manager,Kolkata,41,17,52
43,Male,B.E,Security Engineer,Mumbai,54,21,67.5
32,Male,MCA,Engineering Manager,Chennai,51,10,49.4
28,Female,B.Tech,Fullstack Developer,Kolkata,54,6,17
25,Male,MCA,Engineering Manager,Gurugram,43,3,23.7
45,Male,MCA,Cloud Architect,Gurugram,39,23,73.3
39,Female,MCA,Data Scientist,Mumbai,51,17,45.1
50,Female,PhD,Backend Developer,Pune,35,28,67.9
47,Male,B.E,QA Engineer,Kolkata,50,25,66
49,Male,PhD,Cloud Architect,Chennai,42,27,95
34,Male,MBA,Engineering Manager,Chennai,50,12,58.3
45,Female,MCA,Engineering Manager,Chennai,38,23,70.7
45,Female,M.Tech,Data Scientist,Mumbai,52,23,60.3
28,Male,B.E,Software Engineer,Pune,54,6,19
30,Male,MCA,Security Engineer,Bengaluru,46,8,39.4
24,Female,MCA,Software Engineer,Bengaluru,51,2,12.1
36,Female,BCA,Backend Developer,Bengaluru,52,14,36.7
39,Female,BCA,Software Engineer,Gurugram,51,17,40.9
23,Male,B.Sc IT,Data Scientist,Pune,42,1,13.5
43,Female,B.Tech,Fullstack Developer,Gurugram,48,21,46
42,Female,MBA,Data Scientist,Chennai,38,20,65.4
32,Male,B.Sc IT,Backend Developer,Mumbai,47,10,30.9
48,Male,B.Sc IT,Engineering Manager,Hyderabad,45,26,99.4
46,Female,M.Tech,QA Engineer,Noida,44,24,54.1
28,Female,M.Tech,Fullstack Developer,Chennai,36,6,20.6
35,Male,PhD,Software Engineer,Chennai,36,13,37.9
48,Male,B.Tech,Data Scientist,Hyderabad,45,26,80.3
49,Male,B.Tech,DevOps Engineer,Hyderabad,51,27,65.9
30,Male,B.Sc IT,Product Manager,Mumbai,41,8,26.4
30,Male,B.Tech,Backend Developer,Pune,36,8,25.3
26,Female,MCA,Product Manager,Mumbai,44,4,16.5
47,Female,BCA,Engineering Manager,Hyderabad,37,25,68.4
26,Male,B.Tech,Software Engineer,Pune,41,4,14
26,Female,M.Tech,Backend Developer,Bengaluru,49,4,16.8
43,Male,B.Sc IT,Cloud Architect,Kolkata,48,21,77.6
27,Female,MBA,Backend Developer,Bengaluru,39,5,21.4
32,Male,BCA,Backend Developer,Bengaluru,50,10,31
45,Male,MCA,Cloud Architect,Bengaluru,44,23,91.5
28,Female,M.Tech,Engineering Manager,Gurugram,49,6,34.9
40,Male,B.Sc IT,Backend Developer,Bengaluru,48,18,60.2
38,Female,MBA,Fullstack Developer,Mumbai,46,16,43
36,Male,B.Sc IT,DevOps Engineer,Gurugram,51,14,40.2
21,Male,B.E,Software Engineer,Gurugram,43,0,3.5
49,Female,B.E,Security Engineer,Mumbai,35,27,67.9
49,Male,MCA,DevOps Engineer,Chennai,54,27,77.8
37,Male,MBA,Product Manager,Pune,54,15,39.1
41,Female,MCA,Engineering Manager,Noida,46,19,65.8
27,Female,MCA,Data Scientist,Chennai,44,5,19.8
31,Male,M.Tech,Cloud Architect,Bengaluru,53,9,41.7
42,Male,MCA,QA Engineer,Noida,51,20,58.7
44,Male,M.Tech,Cloud Architect,Noida,39,22,87.5
23,Male,PhD,Cloud Architect,Hyderabad,36,1,30.7
26,Male,BCA,Fullstack Developer,Pune,42,4,15.8
29,Female,MBA,Data Scientist,Chennai,52,7,31.7
22,Male,MBA,Cloud Architect,Noida,44,0,23
41,Male,MBA,Frontend Developer,Mumbai,46,19,59
26,Male,MBA,Cloud Architect,Noida,44,4,33.9
47,Male,M.Tech,Security Engineer,Bengaluru,45,25,90.2
49,Female,BCA,Data Scientist,Chennai,39,27,81.3
42,Female,M.Tech,Backend Developer,Gurugram,50,20,50.2
26,Female,B.Sc IT,QA Engineer,Noida,47,4,12.5
42,Female,B.Tech,DevOps Engineer,Bengaluru,38,20,57.3
27,Male,B.E,Cloud Architect,Noida,41,5,27.7
33,Female,B.Tech,QA Engineer,Pune,42,11,31.2
47,Male,MCA,Backend Developer,Mumbai,37,25,73.5
35,Female,M.Tech,Product Manager,Pune,46,13,36.7
45,Male,B.Tech,Fullstack Developer,Kolkata,37,23,64.4
42,Female,PhD,Fullstack Developer,Gurugram,54,20,58
32,Male,M.Tech,Fullstack Developer,Gurugram,38,10,31.1
42,Female,M.Tech,QA Engineer,Mumbai,37,20,58.2
44,Female,MBA,Security Engineer,Noida,42,22,56.8
37,Male,B.Sc IT,Software Engineer,Hyderabad,54,15,45
48,Male,PhD,Software Engineer,Hyderabad,38,26,75.5
37,Female,PhD,Security Engineer,Chennai,36,15,48.4
32,Male,B.Sc IT,Backend Developer,Noida,49,10,30.4
25,Female,PhD,Frontend Developer,Gurugram,54,3,18.9
21,Male,M.Tech,Cloud Architect,Pune,50,0,23.8
33,Female,MBA,Data Scientist,Kolkata,40,11,33.5
29,Male,M.Tech,Product Manager,Pune,49,7,24.7
22,Male,B.E,Cloud Architect,Noida,35,0,17.2
34,Female,PhD,Backend Developer,Mumbai,41,12,35.1
32,Male,B.Tech,Engineering Manager,Hyderabad,40,10,49.6
38,Male,PhD,QA Engineer,Gurugram,47,16,45.1
39,Male,MBA,Product Manager,Noida,46,17,43.4
29,Male,PhD,Security Engineer,Kolkata,36,7,35.5
30,Male,BCA,Fullstack Developer,Hyderabad,42,8,29.4
32,Male,B.Sc IT,Product Manager,Noida,48,10,33.1
36,Male,B.Tech,Data Scientist,Bengaluru,39,14,46
38,Male,MBA,Data Scientist,Mumbai,41,16,67.3
30,Male,B.E,DevOps Engineer,Gurugram,35,8,26.6
45,Female,B.Sc IT,Fullstack Developer,Noida,40,23,48.4
24,Female,B.Tech,Fullstack Developer,Gurugram,45,2,7.3
44,Female,PhD,Backend Developer,Hyderabad,48,22,64.9
29,Female,M.Tech,Cloud Architect,Mumbai,44,7,40.9
30,Female,B.Tech,Backend Developer,Chennai,40,8,24
21,Male,MBA,Data Scientist,Chennai,46,0,15.9
35,Male,B.Tech,Fullstack Developer,Hyderabad,36,13,38.6
47,Female,M.Tech,Data Scientist,Pune,44,25,60.5
24,Male,MCA,Engineering Manager,Chennai,49,2,23.2
28,Male,M.Tech,Fullstack Developer,Hyderabad,45,6,29.4
23,Male,B.Sc IT,Security Engineer,Bengaluru,36,1,16.6
34,Female,PhD,Data Scientist,Bengaluru,44,12,49.3
46,Female,B.E,Engineering Manager,Noida,38,24,75.1
41,Male,B.Sc IT,Engineering Manager,Noida,51,19,72.7
29,Male,B.Tech,Fullstack Developer,Hyderabad,38,7,26.4
50,Female,B.Tech,DevOps Engineer,Noida,52,28,57.6
45,Female,B.Sc IT,Software Engineer,Pune,35,23,62.6
41,Male,PhD,Data Scientist,Chennai,38,19,70.5
35,Male,MBA,Software Engineer,Gurugram,53,13,42.8
27,Male,PhD,Security Engineer,Pune,38,5,34.8
32,Male,MBA,QA Engineer,Gurugram,36,10,30.1
22,Male,MCA,QA Engineer,Chennai,51,0,3.7
29,Male,BCA,Data Scientist,Mumbai,54,7,31.5
34,Male,MCA,Product Manager,Mumbai,53,12,34.1
21,Male,MCA,Frontend Developer,Pune,47,0,3.9
42,Male,BCA,DevOps Engineer,Bengaluru,45,20,60.4
32,Male,B.Sc IT,QA Engineer,Noida,36,10,25.5
49,Male,M.Tech,DevOps Engineer,Hyderabad,38,27,74.8
40,Male,PhD,DevOps Engineer,Kolkata,51,18,64.3
31,Male,BCA,Frontend Developer,Mumbai,42,9,29.3
21,Male,B.Tech,Fullstack Developer,Chennai,51,0,3.9
28,Male,B.Sc IT,Software Engineer,Pune,35,6,16.6
50,Female,BCA,Data Scientist,Mumbai,51,28,83.5
47,Male,BCA,Data Scientist,Bengaluru,45,25,85.5
50,Male,B.Tech,Data Scientist,Bengaluru,46,28,85.9
48,Female,BCA,Software Engineer,Hyderabad,51,26,58.6
44,Male,B.Tech,Product Manager,Kolkata,36,22,52.9
24,Female,M.Tech,Security Engineer,Gurugram,41,2,15.4
24,Female,B.E,Fullstack Developer,Noida,54,2,8.9
21,Male,MCA,Cloud Architect,Noida,36,0,19.9
25,Male,BCA,QA Engineer,Gurugram,52,3,13.1
48,Male,B.Sc IT,DevOps Engineer,Gurugram,51,26,70.5
35,Female,MBA,Security Engineer,Noida,51,13,38.6
40,Male,PhD,QA Engineer,Kolkata,46,18,60.7
34,Female,MCA,Security Engineer,Kolkata,39,12,33.2
32,Female,MCA,QA Engineer,Noida,54,10,24.4
42,Male,M.Tech,Frontend Developer,Bengaluru,41,20,66.9
26,Male,MBA,DevOps Engineer,Pune,44,4,18.1
40,Male,PhD,Product Manager,Hyderabad,52,18,65.7
41,Male,B.Sc IT,QA Engineer,Kolkata,38,19,52.3
37,Male,B.Tech,Engineering Manager,Chennai,36,15,57.8
27,Male,MCA,Data Scientist,Bengaluru,54,5,27.7
36,Male,PhD,Software Engineer,Gurugram,38,14,44.4
24,Female,M.Tech,Cloud Architect,Kolkata,38,2,21.5
31,Male,PhD,Cloud Architect,Gurugram,50,9,45.9
47,Female,PhD,Backend Developer,Kolkata,54,25,67.1
41,Male,B.Sc IT,Fullstack Developer,Bengaluru,35,19,56.6
30,Male,B.Tech,Product Manager,Noida,39,8,24.3
33,Female,M.Tech,Engineering Manager,Bengaluru,54,11,51.3
22,Male,M.Tech,QA Engineer,Bengaluru,51,0,10.5
36,Male,MBA,Backend Developer,Kolkata,35,14,46.5
48,Male,MCA,Product Manager,Chennai,50,26,71.2
48,Male,M.Tech,Fullstack Developer,Noida,44,26,73.6
26,Male,B.E,Software Engineer,Kolkata,49,4,13.6
42,Male,MBA,Product Manager,Bengaluru,44,20,55.7
44,Female,MBA,Cloud Architect,Hyderabad,41,22,73.9
39,Male,B.Sc IT,Frontend Developer,Gurugram,47,17,49.9
40,Male,MBA,QA Engineer,Bengaluru,52,18,55.1
50,Male,MCA,Product Manager,Chennai,52,28,74.8
43,Female,MCA,Software Engineer,Hyderabad,41,21,61
50,Male,M.Tech,Engineering Manager,Noida,43,28,78.7
49,Female,M.Tech,Fullstack Developer,Bengaluru,37,27,71.5
23,Female,MBA,Engineering Manager,Noida,44,1,20.8
43,Female,BCA,Backend Developer,Hyderabad,47,21,59.6
50,Female,BCA,Security Engineer,Chennai,38,28,72
30,Female,B.Sc IT,Fullstack Developer,Noida,50,8,20.8
44,Male,B.Tech,Software Engineer,Mumbai,51,22,63
23,Female,PhD,Cloud Architect,Pune,44,1,24.3
42,Male,B.Sc IT,QA Engineer,Bengaluru,42,20,61.2
28,Male,B.Sc IT,Backend Developer,Pune,49,6,16.4
33,Male,B.E,Security Engineer,Pune,48,11,34.5
24,Female,MBA,Frontend Developer,Noida,35,2,11.7
21,Male,B.E,Cloud Architect,Kolkata,53,0,17.1
23,Female,MBA,Software Engineer,Mumbai,46,1,10.5
28,Male,B.E,Software Engineer,Kolkata,49,6,16.6
49,Female,MCA,Engineering Manager,Bengaluru,40,27,87.9
24,Male,B.Tech,Cloud Architect,Hyderabad,46,2,23.9
36,Male,MBA,Data Scientist,Bengaluru,50,14,47
42,Female,B.E,DevOps Engineer,Mumbai,50,20,50.4
21,Female,MCA,Cloud Architect,Pune,50,0,16.8
27,Female,MBA,Software Engineer,Mumbai,51,5,24.1
46,Male,B.Sc IT,Engineering Manager,Hyderabad,37,24,77.7
24,Male,MCA,DevOps Engineer,Chennai,52,2,8.5
25,Male,MCA,Software Engineer,Bengaluru,38,3,16.8
36,Male,PhD,Software Engineer,Noida,41,14,45
21,Male,B.E,Frontend Developer,Gurugram,52,0,3.4
46,Female,MBA,Data Scientist,Pune,51,24,65.3
21,Female,B.E,Backend Developer,Kolkata,41,0,3.2
31,Male,MBA,Data Scientist,Hyderabad,42,9,35.7
49,Male,B.E,Frontend Developer,Gurugram,44,27,72.8
47,Male,B.Sc IT,Security Engineer,Noida,52,25,82.2
24,Female,MCA,Data Scientist,Bengaluru,45,2,19.7
32,Female,M.Tech,QA Engineer,Mumbai,51,10,31.9
40,Female,B.Tech,Product Manager,Noida,51,18,49.7
26,Male,BCA,Cloud Architect,Mumbai,38,4,35
21,Female,BCA,Fullstack Developer,Chennai,44,0,3.3
48,Male,BCA,DevOps Engineer,Noida,53,26,70.9
23,Female,BCA,Security Engineer,Chennai,40,1,14
47,Male,MBA,Data Scientist,Bengaluru,35,25,76
23,Male,BCA,Frontend Developer,Pune,47,1,6.5
39,Male,PhD,Engineering Manager,Hyderabad,35,17,73.4
37,Male,B.Tech,Backend Developer,Noida,43,15,35.6
38,Female,B.E,Frontend Developer,Gurugram,35,16,40.9
25,Male,MCA,Software Engineer,Pune,48,3,12.7
37,Female,B.Tech,Engineering Manager,Kolkata,39,15,57.4
25,Male,B.E,Product Manager,Pune,45,3,11.8
25,Female,B.Tech,QA Engineer,Mumbai,35,3,13.4
27,Female,M.Tech,QA Engineer,Pune,41,5,17.1
49,Male,B.Tech,Frontend Developer,Gurugram,43,27,72
40,Female,B.E,Frontend Developer,Pune,45,18,48.8
29,Female,BCA,Product Manager,Mumbai,36,7,23.5
31,Male,PhD,Security Engineer,Kolkata,41,9,42.2
30,Male,MBA,Frontend Developer,Gurugram,52,8,30.4
40,Female,B.Sc IT,Engineering Manager,Gurugram,40,18,64.9
40,Male,M.Tech,Frontend Developer,Chennai,44,18,49.8
24,Female,B.Tech,Software Engineer,Noida,45,2,7.4
48,Female,B.Sc IT,Security Engineer,Kolkata,51,26,79
50,Male,MCA,QA Engineer,Kolkata,36,28,81.4
33,Male,PhD,Backend Developer,Mumbai,42,11,41.3
37,Female,B.Sc IT,Engineering Manager,Chennai,41,15,50.4
35,Male,BCA,Frontend Developer,Gurugram,44,13,34.7
28,Male,B.E,Fullstack Developer,Pune,43,6,20.6
50,Female,MCA,Security Engineer,Pune,42,28,64.9
22,Male,MBA,Fullstack Developer,Pune,38,0,6.8
50,Male,B.E,Frontend Developer,Noida,35,28,68.3
27,Female,MCA,Fullstack Developer,Kolkata,45,5,16.6
24,Male,M.Tech,Product Manager,Mumbai,46,2,13.8
29,Male,B.E,Frontend Developer,Bengaluru,53,7,22.4
25,Female,MCA,Data Scientist,Gurugram,48,3,19
26,Male,MCA,Security Engineer,Noida,35,4,19.3
31,Male,MBA,Security Engineer,Noida,44,9,33.6
43,Male,B.Sc IT,Security Engineer,Mumbai,47,21,62.8
33,Male,PhD,Security Engineer,Kolkata,35,11,52.6
42,Male,B.Sc IT,Backend Developer,Gurugram,54,20,46.7
23,Female,M.Tech,DevOps Engineer,Mumbai,45,1,13.7
25,Female,B.Sc IT,Security Engineer,Bengaluru,54,3,22.3
46,Male,B.Tech,Engineering Manager,Pune,47,24,77.8
48,Male,MCA,Data Scientist,Noida,39,26,75.2
36,Male,BCA,Data Scientist,Chennai,43,14,46.6
33,Female,MBA,QA Engineer,Pune,41,11,33.9
25,Female,MCA,Backend Developer,Bengaluru,50,3,12.2
39,Female,MBA,Frontend Developer,Kolkata,44,17,44.9
24,Female,B.Sc IT,Security Engineer,Mumbai,48,2,20.8
44,Female,B.Sc IT,Cloud Architect,Bengaluru,49,22,77.9
35,Male,PhD,Cloud Architect,Hyderabad,46,13,56.1
22,Male,MBA,Engineering Manager,Pune,54,0,22.5
24,Female,MBA,Frontend Developer,Hyderabad,43,2,16.1
47,Male,BCA,DevOps Engineer,Hyderabad,50,25,60.5
49,Male,BCA,Cloud Architect,Gurugram,39,27,85
29,Female,BCA,Software Engineer,Hyderabad,52,7,25.6
37,Female,B.Tech,DevOps Engineer,Pune,47,15,38.5
47,Male,B.Tech,Fullstack Developer,Gurugram,50,25,60.6
28,Male,MBA,Security Engineer,Gurugram,49,6,30.5
45,Male,PhD,Engineering Manager,Kolkata,40,23,95.6
24,Male,B.E,Fullstack Developer,Pune,38,2,9.8
34,Male,B.Sc IT,Engineering Manager,Noida,41,12,51.4
29,Male,BCA,Product Manager,Kolkata,39,7,22.3
27,Male,B.E,Frontend Developer,Gurugram,53,5,14.9
33,Male,MCA,Data Scientist,Hyderabad,53,11,44
24,Female,B.Sc IT,Backend Developer,Chennai,36,2,8.1
50,Male,MBA,Security Engineer,Bengaluru,42,28,90.7
38,Male,M.Tech,QA Engineer,Kolkata,45,16,48.2
45,Male,B.Sc IT,Cloud Architect,Bengaluru,52,23,87.6
37,Female,BCA,Product Manager,Pune,39,15,42.1
25,Male,MCA,Product Manager,Chennai,36,3,10.4
36,Female,BCA,Data Scientist,Bengaluru,39,14,44.1
25,Male,M.Tech,Software Engineer,Gurugram,43,3,16.4
49,Male,B.Tech,Product Manager,Chennai,50,27,64.4
39,Male,PhD,Frontend Developer,Kolkata,36,17,51.5
45,Male,B.E,QA Engineer,Hyderabad,38,23,55.7
33,Female,M.Tech,Engineering Manager,Gurugram,40,11,40.6
24,Male,B.E,Engineering Manager,Noida,43,2,22
36,Male,B.Tech,Software Engineer,Chennai,50,14,37.6
42,Female,M.Tech,QA Engineer,Pune,40,20,58.4
22,Female,B.E,Backend Developer,Hyderabad,37,0,7.6
43,Male,MCA,Data Scientist,Kolkata,53,21,57.8
43,Female,MCA,DevOps Engineer,Kolkata,53,21,45.5
24,Male,MCA,Fullstack Developer,Pune,46,2,8.6
21,Male,B.Sc IT,Data Scientist,Gurugram,38,0,11.3
50,Male,MCA,Software Engineer,Noida,48,28,71.1
39,Male,BCA,Cloud Architect,Bengaluru,39,17,69.8
36,Female,B.Tech,Data Scientist,Pune,54,14,44.1
32,Male,MBA,QA Engineer,Hyderabad,37,10,33
49,Female,BCA,Software Engineer,Mumbai,36,27,58.3
26,Male,B.Tech,Cloud Architect,Gurugram,46,4,31.7
24,Male,BCA,Data Scientist,Chennai,41,2,16
34,Female,MCA,QA Engineer,Hyderabad,53,12,37
29,Male,B.Tech,Data Scientist,Kolkata,36,7,30.6
42,Female,BCA,QA Engineer,Pune,36,20,44
45,Female,BCA,Data Scientist,Noida,52,23,70.7
43,Male,M.Tech,Product Manager,Pune,40,21,58.8
21,Female,B.Tech,QA Engineer,Chennai,40,0,3.2
36,Male,MCA,QA Engineer,Chennai,38,14,40.1
38,Female,MCA,Frontend Developer,Hyderabad,41,16,48.2
27,Female,BCA,Product Manager,Hyderabad,42,5,19.6
31,Male,B.Tech,Product Manager,Gurugram,49,9,26
50,Male,BCA,Fullstack Developer,Chennai,41,28,78.5
29,Female,M.Tech,Software Engineer,Gurugram,40,7,22.6
28,Male,B.Sc IT,Cloud Architect,Noida,39,6,37.6
31,Male,PhD,Security Engineer,Chennai,41,9,39.3
28,Female,B.E,Frontend Developer,Pune,53,6,15.4
50,Female,B.Sc IT,Frontend Developer,Hyderabad,38,28,64.6
44,Female,B.E,Engineering Manager,Gurugram,39,22,71.1
23,Female,B.Tech,Product Manager,Kolkata,47,1,5.4
47,Female,B.E,Product Manager,Kolkata,45,25,60.7
23,Male,PhD,Fullstack Developer,Chennai,53,1,13.1
34,Male,B.E,DevOps Engineer,Chennai,46,12,37.7
40,Male,MBA,Engineering Manager,Pune,40,18,69.8
40,Male,MCA,QA Engineer,Chennai,43,18,55.1
27,Male,B.Sc IT,Fullstack Developer,Mumbai,48,5,20.5
25,Female,B.Tech,Product Manager,Hyderabad,39,3,13.6
50,Male,BCA,Product Manager,Hyderabad,42,28,85.6
36,Male,B.Sc IT,Security Engineer,Gurugram,51,14,41.1
34,Male,M.Tech,Backend Developer,Noida,49,12,42.4
33,Male,PhD,Data Scientist,Noida,52,11,51.9
38,Female,MBA,Backend Developer,Hyderabad,46,16,41.9
43,Male,MBA,Cloud Architect,Bengaluru,38,21,83.7
47,Male,BCA,Fullstack Developer,Pune,49,25,61.5
37,Male,MCA,QA Engineer,Bengaluru,39,15,45.1
41,Male,MBA,Backend Developer,Noida,39,19,51.1
25,Male,M.Tech,Fullstack Developer,Mumbai,52,3,15.8
34,Female,B.E,Backend Developer,Hyderabad,40,12,39
33,Female,B.E,Engineering Manager,Kolkata,35,11,48.1
26,Male,B.E,Data Scientist,Pune,37,4,21.7
43,Male,B.Tech,Fullstack Developer,Gurugram,38,21,63.8
23,Male,PhD,Security Engineer,Mumbai,43,1,22.6
45,Male,B.Tech,Product Manager,Mumbai,54,23,58.1
23,Female,B.Tech,Engineering Manager,Mumbai,40,1,22.6
49,Male,B.Tech,Product Manager,Bengaluru,41,27,66.8
41,Male,MBA,Frontend Developer,Hyderabad,38,19,65.1
40,Male,MCA,Frontend Developer,Chennai,53,18,49.1
50,Female,B.E,Data Scientist,Gurugram,47,28,70.6
38,Male,B.Sc IT,Security Engineer,Noida,47,16,46.3
45,Male,BCA,Security Engineer,Chennai,49,23,68.1
21,Female,B.E,Software Engineer,Mumbai,49,0,7.5
40,Male,PhD,Data Scientist,Gurugram,35,18,58.6
44,Male,B.E,Engineering Manager,Bengaluru,38,22,77.2
42,Male,M.Tech,DevOps Engineer,Kolkata,44,20,53.4
26,Female,B.Sc IT,Security Engineer,Kolkata,54,4,20.9
34,Female,M.Tech,Cloud Architect,Hyderabad,52,12,55.3
21,Male,M.Tech,QA Engineer,Pune,52,0,6.6
45,Female,MCA,Security Engineer,Bengaluru,48,23,74.1
34,Male,MBA,DevOps Engineer,Mumbai,40,12,44.3
22,Female,M.Tech,QA Engineer,Gurugram,44,0,6
42,Male,M.Tech,Product Manager,Gurugram,52,20,55
26,Female,PhD,Security Engineer,Hyderabad,40,4,30.8
44,Female,B.E,DevOps Engineer,Gurugram,44,22,55.5
29,Female,B.Tech,Product Manager,Hyderabad,41,7,21.8
31,Female,M.Tech,Software Engineer,Bengaluru,42,9,32.6
39,Male,B.Tech,Security Engineer,Kolkata,51,17,53.2
50,Female,MBA,Data Scientist,Gurugram,36,28,86.6
34,Male,B.Tech,Product Manager,Mumbai,44,12,42.8
50,Male,M.Tech,Software Engineer,Kolkata,48,28,78.6
38,Male,MCA,DevOps Engineer,Hyderabad,38,16,53.8
24,Male,PhD,Security Engineer,Kolkata,37,2,24.4
26,Male,B.Sc IT,Product Manager,Hyderabad,41,4,19.6
45,Female,B.Tech,Cloud Architect,Gurugram,46,23,61.3
31,Male,BCA,Security Engineer,Chennai,41,9,32.9
47,Male,MBA,Frontend Developer,Chennai,52,25,70
39,Male,M.Tech,Security Engineer,Mumbai,46,17,54.8
23,Male,PhD,Software Engineer,Kolkata,46,1,11.9
32,Female,M.Tech,QA Engineer,Bengaluru,36,10,27.7
34,Male,M.Tech,Cloud Architect,Kolkata,48,12,55.4
32,Male,PhD,DevOps Engineer,Bengaluru,45,10,44.4
42,Male,B.Tech,Frontend Developer,Chennai,35,20,62
32,Male,B.Tech,Cloud Architect,Mumbai,42,10,51.9
34,Male,PhD,Fullstack Developer,Bengaluru,45,12,43.6
38,Male,B.Tech,Software Engineer,Pune,41,16,48.1
23,Female,MBA,Software Engineer,Gurugram,40,1,9.7
41,Male,PhD,Fullstack Developer,Bengaluru,39,19,61.5
26,Female,MCA,Engineering Manager,Noida,52,4,24.4
30,Male,B.E,QA Engineer,Chennai,52,8,26.9
29,Male,M.Tech,Fullstack Developer,Mumbai,38,7,26.5
40,Male,B.Sc IT,Cloud Architect,Kolkata,43,18,56.7
31,Male,M.Tech,Backend Developer,Mumbai,35,9,35
43,Female,PhD,Engineering Manager,Gurugram,51,21,73.7
40,Male,BCA,Product Manager,Pune,48,18,51.4
22,Female,PhD,Frontend Developer,Pune,37,0,8.5
48,Female,B.Tech,DevOps Engineer,Noida,48,26,61.4
41,Female,B.E,DevOps Engineer,Chennai,50,19,40.6
39,Male,M.Tech,Cloud Architect,Mumbai,50,17,71.2
30,Male,M.Tech,Backend Developer,Chennai,38,8,27.5
36,Female,B.Tech,Engineering Manager,Chennai,39,14,51.3
39,Female,PhD,Data Scientist,Gurugram,53,17,59
25,Male,B.Tech,Fullstack Developer,Hyderabad,48,3,17.3
30,Female,B.E,Frontend Developer,Gurugram,35,8,23.2
28,Female,M.Tech,Product Manager,Hyderabad,52,6,24.7
23,Male,B.Sc IT,Engineering Manager,Hyderabad,47,1,25.7
22,Female,MCA,QA Engineer,Gurugram,53,0,3.4
36,Female,M.Tech,Fullstack Developer,Chennai,37,14,40.9
39,Male,B.Sc IT,Security Engineer,Bengaluru,42,17,66.8
31,Male,PhD,Security Engineer,Bengaluru,49,9,43.9
22,Male,B.E,Engineering Manager,Mumbai,35,0,20.7
31,Male,B.Tech,Frontend Developer,Bengaluru,39,9,31.9
40,Male,B.E,Frontend Developer,Mumbai,49,18,49.2
22,Male,B.Sc IT,Data Scientist,Mumbai,38,0,17.2
23,Male,B.E,Software Engineer,Mumbai,47,1,10.4
48,Female,MCA,Engineering Manager,Pune,44,26,68
33,Male,M.Tech,Product Manager,Hyderabad,51,11,35.9
22,Male,BCA,Data Scientist,Noida,42,0,12.9
38,Male,B.Tech,Product Manager,Hyderabad,41,16,50.2
32,Female,B.Tech,Product Manager,Mumbai,51,10,30.2
50,Male,BCA,Fullstack Developer,Kolkata,41,28,65.3
35,Male,M.Tech,Security Engineer,Mumbai,46,13,45.3
22,Male,M.Tech,Backend Developer,Pune,44,0,7.9
35,Female,B.Sc IT,Backend Developer,Gurugram,38,13,32.7
48,Male,MCA,Fullstack Developer,Mumbai,46,26,67.9
46,Male,B.Tech,QA Engineer,Bengaluru,50,24,68.3
25,Male,B.E,Backend Developer,Bengaluru,42,3,15.6
41,Female,MCA,Software Engineer,Noida,38,19,46.5
25,Male,B.Sc IT,Data Scientist,Noida,47,3,18.4
39,Female,B.E,Cloud Architect,Kolkata,42,17,51.7
42,Male,MBA,Product Manager,Bengaluru,46,20,67
49,Male,B.E,QA Engineer,Kolkata,45,27,80.7
35,Male,MCA,DevOps Engineer,Noida,54,13,31.3
49,Male,B.Sc IT,Frontend Developer,Mumbai,45,27,70.6
50,Female,BCA,Software Engineer,Pune,35,28,58
33,Female,MCA,Security Engineer,Mumbai,51,11,38.5
27,Female,MBA,Backend Developer,Bengaluru,43,5,21.2
35,Male,BCA,Security Engineer,Noida,54,13,40.7
25,Male,PhD,Product Manager,Bengaluru,50,3,21.3
48,Male,B.E,Software Engineer,Hyderabad,48,26,63.9
44,Male,B.Tech,QA Engineer,Kolkata,46,22,60.7
37,Male,BCA,Fullstack Developer,Chennai,53,15,47.5
36,Female,M.Tech,Software Engineer,Gurugram,45,14,41.3
21,Male,PhD,Fullstack Developer,Noida,39,0,12.3
33,Male,B.Sc IT,Cloud Architect,Pune,36,11,47.3
50,Female,B.E,Backend Developer,Kolkata,37,28,60.5
49,Male,MBA,Cloud Architect,Noida,45,27,87.2
25,Female,M.Tech,Software Engineer,Hyderabad,49,3,14.4
31,Male,B.E,Product Manager,Noida,37,9,28.3
35,Female,PhD,Software Engineer,Chennai,46,13,43.1
29,Male,B.E,Fullstack Developer,Gurugram,37,7,19.3
38,Male,M.Tech,Security Engineer,Gurugram,46,16,62.5
28,Female,BCA,Security Engineer,Chennai,35,6,24
40,Female,BCA,Frontend Developer,Chennai,49,18,39.9
35,Female,BCA,Fullstack Developer,Chennai,48,13,33.3
42,Male,B.Tech,Backend Developer,Pune,35,20,52.7
36,Female,B.Tech,DevOps Engineer,Mumbai,35,14,37.8
38,Male,B.E,Software Engineer,Kolkata,43,16,42.9
21,Male,MCA,QA Engineer,Hyderabad,50,0,9
21,Male,PhD,Cloud Architect,Noida,42,0,27
33,Male,MBA,Engineering Manager,Pune,40,11,44.9
26,Male,B.Sc IT,Engineering Manager,Hyderabad,37,4,29.4
35,Male,MBA,Frontend Developer,Noida,51,13,35.6
40,Male,MCA,DevOps Engineer,Chennai,49,18,47
27,Male,B.Sc IT,Data Scientist,Bengaluru,47,5,27.2
25,Male,B.Sc IT,Engineering Manager,Gurugram,37,3,24.3
40,Male,B.E,Cloud Architect,Bengaluru,44,18,75.6
24,Female,B.E,Security Engineer,Pune,35,2,13.3
40,Female,B.Sc IT,DevOps Engineer,Pune,36,18,42.8
25,Female,B.Sc IT,DevOps Engineer,Noida,54,3,11
31,Male,PhD,DevOps Engineer,Bengaluru,50,9,42.1
47,Male,B.E,Product Manager,Chennai,49,25,61.9
45,Male,PhD,DevOps Engineer,Kolkata,53,23,73.1
26,Male,PhD,Engineering Manager,Gurugram,48,4,37.1
32,Male,B.E,Security Engineer,Kolkata,38,10,41.9
23,Female,MBA,Product Manager,Noida,47,1,8.7
40,Male,PhD,Engineering Manager,Gurugram,42,18,79.6
21,Male,PhD,Engineering Manager,Hyderabad,39,0,26.5
25,Male,MBA,Product Manager,Hyderabad,38,3,21
22,Male,B.E,Product Manager,Hyderabad,52,0,7.7
36,Male,M.Tech,Security Engineer,Bengaluru,40,14,54.2
36,Male,PhD,Frontend Developer,Bengaluru,53,14,43.3
36,Male,BCA,Frontend Developer,Noida,38,14,44.4
45,Male,MCA,Backend Developer,Noida,54,23,69.5
50,Female,M.Tech,Security Engineer,Bengaluru,42,28,91.7
24,Female,B.Tech,QA Engineer,Chennai,41,2,9
42,Male,B.E,Frontend Developer,Mumbai,46,20,57.6
47,Female,B.Tech,Product Manager,Bengaluru,45,25,63.6
27,Male,B.Sc IT,Software Engineer,Kolkata,45,5,16.5
40,Male,B.E,Engineering Manager,Bengaluru,40,18,70
26,Female,M.Tech,Engineering Manager,Pune,39,4,25.5
28,Male,MCA,Software Engineer,Pune,49,6,18.6
41,Female,PhD,Software Engineer,Kolkata,45,19,53.1
34,Male,B.Sc IT,Data Scientist,Pune,39,12,42.2
34,Male,PhD,Cloud Architect,Chennai,43,12,48.8
25,Male,B.Sc IT,Backend Developer,Pune,43,3,12.2
45,Male,M.Tech,Fullstack Developer,Chennai,43,23,61.5
30,Male,M.Tech,Product Manager,Chennai,40,8,25.7
24,Male,B.Tech,Backend Developer,Hyderabad,43,2,12.9
38,Female,B.E,Fullstack Developer,Chennai,38,16,33.7
41,Male,MCA,Software Engineer,Mumbai,39,19,55.2
50,Male,MCA,QA Engineer,Kolkata,41,28,77.8
22,Male,MCA,Engineering Manager,Noida,44,0,16.6
26,Female,B.Sc IT,DevOps Engineer,Mumbai,41,4,15.4
50,Male,M.Tech,Cloud Architect,Kolkata,42,28,99.9
37,Male,BCA,Security Engineer,Kolkata,45,15,52.2
43,Male,B.E,Data Scientist,Bengaluru,47,21,62.7
31,Male,B.Tech,QA Engineer,Noida,44,9,26.9
48,Male,B.Sc IT,Engineering Manager,Noida,44,26,85.7
49,Male,PhD,Backend Developer,Mumbai,39,27,76.3
43,Male,B.Tech,Cloud Architect,Kolkata,37,21,70.1
28,Female,B.E,DevOps Engineer,Pune,54,6,16.4
45,Male,MCA,QA Engineer,Hyderabad,44,23,70.5
34,Male,PhD,Cloud Architect,Pune,50,12,52.3
23,Male,PhD,Software Engineer,Gurugram,49,1,15.5
33,Male,B.Sc IT,Data Scientist,Chennai,54,11,38.8
43,Male,M.Tech,Cloud Architect,Chennai,43,21,78.7
29,Female,B.Sc IT,QA Engineer,Gurugram,48,7,21.9
23,Female,M.Tech,Product Manager,Mumbai,48,1,11.2
24,Female,PhD,Software Engineer,Hyderabad,54,2,15.4
43,Female,B.E,Engineering Manager,Bengaluru,41,21,63.3
41,Female,MBA,Backend Developer,Noida,48,19,43
34,Male,B.Sc IT,Product Manager,Chennai,51,12,37.4
26,Female,MCA,Security Engineer,Noida,46,4,18.6
22,Female,B.Tech,Fullstack Developer,Kolkata,51,0,3.3
37,Female,MCA,DevOps Engineer,Hyderabad,39,15,37.3
41,Female,BCA,Fullstack Developer,Pune,44,19,48.4
21,Male,MBA,Software Engineer,Pune,44,0,7.2
34,Male,B.Tech,QA Engineer,Bengaluru,52,12,41.3
28,Female,PhD,Cloud Architect,Noida,38,6,37.6
45,Male,BCA,Fullstack Developer,Mumbai,39,23,61.9
38,Female,B.Sc IT,Backend Developer,Mumbai,42,16,41.3
42,Male,BCA,Data Scientist,Hyderabad,45,20,74.1
30,Female,M.Tech,Data Scientist,Chennai,52,8,27.5
38,Male,B.Tech,DevOps Engineer,Noida,43,16,40.6
46,Female,B.Sc IT,Software Engineer,Kolkata,39,24,56.5
30,Male,MCA,Data Scientist,Gurugram,45,8,32.6
26,Male,M.Tech,Product Manager,Kolkata,51,4,17.9
31,Female,MCA,Product Manager,Gurugram,43,9,25.2
43,Male,PhD,Backend Developer,Noida,43,21,72.4
38,Male,PhD,Data Scientist,Bengaluru,52,16,62.2
28,Female,B.E,Data Scientist,Bengaluru,44,6,31.7
50,Male,B.Tech,Engineering Manager,Mumbai,47,28,91
25,Male,B.E,Security Engineer,Kolkata,54,3,21.8
27,Female,MBA,Engineering Manager,Kolkata,52,5,28.1
45,Female,MBA,Engineering Manager,Bengaluru,38,23,83.1
22,Female,M.Tech,Data Scientist,Noida,39,0,12.3
37,Male,M.Tech,Cloud Architect,Bengaluru,37,15,70.5
37,Female,BCA,QA Engineer,Pune,36,15,35
40,Female,M.Tech,Security Engineer,Pune,54,18,59.5
49,Male,B.Tech,QA Engineer,Hyderabad,49,27,71.2
47,Male,M.Tech,Engineering Manager,Bengaluru,47,25,97.9
49,Female,M.Tech,QA Engineer,Mumbai,49,27,78.3
46,Male,M.Tech,QA Engineer,Noida,50,24,63.4
26,Male,MBA,Product Manager,Chennai,44,4,14.9
28,Male,PhD,Frontend Developer,Chennai,40,6,25.2
45,Male,M.Tech,QA Engineer,Gurugram,41,23,58.2
22,Female,B.Sc IT,Security Engineer,Noida,46,0,11.8
28,Male,B.E,Security Engineer,Bengaluru,35,6,35.6
29,Male,B.Tech,Data Scientist,Gurugram,43,7,26.2
33,Female,PhD,Security Engineer,Kolkata,42,11,47
22,Male,PhD,Frontend Developer,Bengaluru,53,0,14.8
42,Male,M.Tech,Security Engineer,Pune,43,20,62.9
47,Male,B.Tech,Software Engineer,Chennai,40,25,56.7
36,Male,MBA,Backend Developer,Noida,41,14,41.8
37,Female,M.Tech,Fullstack Developer,Kolkata,52,15,36.3
25,Male,B.Sc IT,Frontend Developer,Bengaluru,35,3,14.1
48,Male,BCA,Frontend Developer,Bengaluru,40,26,66.9
31,Male,PhD,Frontend Developer,Bengaluru,35,9,37.3
21,Female,B.Sc IT,DevOps Engineer,Pune,44,0,3.4
39,Female,BCA,QA Engineer,Pune,50,17,38.7
47,Female,MBA,Backend Developer,Hyderabad,37,25,62.9
24,Male,B.E,DevOps Engineer,Bengaluru,39,2,12.5
38,Male,PhD,Fullstack Developer,Bengaluru,42,16,63.1
41,Male,B.Sc IT,Data Scientist,Gurugram,53,19,56.5
36,Female,B.Sc IT,Data Scientist,Mumbai,48,14,50.4
22,Male,PhD,Cloud Architect,Gurugram,52,0,28.6
47,Male,MCA,Backend Developer,Noida,38,25,68.9
38,Female,B.E,Security Engineer,Pune,40,16,48.4
31,Male,B.E,Cloud Architect,Noida,47,9,41.2
30,Male,BCA,QA Engineer,Mumbai,54,8,28.8
35,Male,B.Sc IT,Software Engineer,Hyderabad,51,13,44.4
41,Female,B.Sc IT,Backend Developer,Gurugram,44,19,46.2
40,Female,M.Tech,Software Engineer,Noida,47,18,42.6
42,Male,BCA,Backend Developer,Noida,51,20,58.2
40,Male,MCA,Cloud Architect,Hyderabad,54,18,72
44,Male,BCA,Product Manager,Noida,53,22,63.6
38,Female,MBA,Cloud Architect,Bengaluru,40,16,57.7
35,Male,MBA,Backend Developer,Mumbai,45,13,42.2
32,Female,M.Tech,Security Engineer,Mumbai,39,10,40.5
41,Female,M.Tech,Data Scientist,Kolkata,53,19,51.9
47,Female,MBA,Data Scientist,Chennai,48,25,79.7
40,Male,B.E,Cloud Architect,Chennai,37,18,66.5
33,Male,B.E,Backend Developer,Bengaluru,44,11,38.8
28,Female,MCA,Product Manager,Bengaluru,35,6,20.1
32,Male,BCA,Engineering Manager,Bengaluru,54,10,50.5
49,Male,PhD,QA Engineer,Chennai,52,27,73.7
32,Male,BCA,Security Engineer,Gurugram,40,10,38.1
39,Male,PhD,QA Engineer,Bengaluru,51,17,63.2
44,Male,B.Tech,Software Engineer,Gurugram,36,22,56.9
31,Female,M.Tech,DevOps Engineer,Chennai,41,9,26
49,Male,M.Tech,Data Scientist,Gurugram,48,27,73.2
42,Male,BCA,QA Engineer,Bengaluru,44,20,61.5
33,Male,PhD,Frontend Developer,Chennai,51,11,36.2
48,Female,BCA,DevOps Engineer,Bengaluru,41,26,62.2
34,Male,MBA,QA Engineer,Mumbai,39,12,46.4
24,Male,B.Tech,Product Manager,Pune,39,2,8.5
44,Female,B.E,Product Manager,Pune,52,22,45.7
42,Female,B.Tech,Security Engineer,Mumbai,36,20,61.7
34,Male,B.Sc IT,Fullstack Developer,Bengaluru,39,12,43.4
50,Male,MBA,Data Scientist,Kolkata,42,28,90.2
48,Male,B.Sc IT,Engineering Manager,Mumbai,53,26,87.5
44,Male,B.Sc IT,Product Manager,Gurugram,47,22,62.6
21,Male,PhD,Data Scientist,Gurugram,52,0,19.2
47,Male,BCA,Software Engineer,Chennai,45,25,67.8
33,Female,B.Sc IT,Software Engineer,Bengaluru,39,11,28.4
30,Male,MBA,Security Engineer,Gurugram,46,8,32.4
49,Female,B.E,Product Manager,Chennai,44,27,70.6
37,Female,B.Sc IT,Product Manager,Noida,44,15,32.3
43,Male,MBA,QA Engineer,Mumbai,41,21,60.9
31,Male,B.E,QA Engineer,Bengaluru,49,9,30.7
29,Male,B.Sc IT,Fullstack Developer,Kolkata,42,7,23.9
41,Male,B.Sc IT,Fullstack Developer,Bengaluru,40,19,52.2
41,Female,MBA,Product Manager,Pune,41,19,49.1
29,Male,MCA,Data Scientist,Hyderabad,46,7,37.4
31,Male,BCA,Frontend Developer,Pune,48,9,23.5
22,Female,B.Tech,DevOps Engineer,Gurugram,45,0,4.1
42,Male,BCA,Cloud Architect,Mumbai,38,20,66.9
22,Male,M.Tech,Fullstack Developer,Chennai,42,0,6.2
43,Female,MBA,Cloud Architect,Bengaluru,51,21,64.3
41,Female,MBA,Data Scientist,Gurugram,37,19,63.6
44,Female,MCA,Data Scientist,Gurugram,44,22,58.6
32,Male,PhD,Software Engineer,Kolkata,35,10,34.3
50,Male,M.Tech,Cloud Architect,Gurugram,39,28,91
28,Male,B.E,Security Engineer,Gurugram,48,6,29.5
29,Male,MBA,QA Engineer,Chennai,45,7,28.1
44,Female,MBA,Engineering Manager,Pune,43,22,73.1
22,Female,B.E,Data Scientist,Pune,38,0,9.5
39,Male,PhD,Frontend Developer,Noida,43,17,60.2
33,Female,MBA,DevOps Engineer,Kolkata,54,11,29.4
49,Male,M.Tech,Data Scientist,Mumbai,46,27,79.7
28,Female,PhD,Data Scientist,Gurugram,51,6,28.6
49,Female,MBA,Security Engineer,Kolkata,44,27,76.5
21,Male,BCA,DevOps Engineer,Mumbai,46,0,8.3
47,Female,PhD,DevOps Engineer,Bengaluru,48,25,68.3
46,Female,MBA,Fullstack Developer,Kolkata,37,24,66.8
26,Female,M.Tech,Backend Developer,Chennai,44,4,16.9
42,Female,B.Tech,DevOps Engineer,Gurugram,37,20,49.8
41,Male,MCA,Fullstack Developer,Noida,36,19,58.8
48,Female,B.Tech,Fullstack Developer,Bengaluru,46,26,57.2
42,Female,MBA,Fullstack Developer,Kolkata,38,20,57.3
23,Male,BCA,Cloud Architect,Mumbai,51,1,21.8
39,Female,BCA,Product Manager,Kolkata,37,17,43.7
44,Male,B.E,Software Engineer,Mumbai,45,22,60.7
40,Male,MBA,DevOps Engineer,Hyderabad,54,18,51.8
48,Female,B.Sc IT,Software Engineer,Chennai,54,26,63.2
21,Male,M.Tech,Security Engineer,Bengaluru,46,0,18.4
33,Male,M.Tech,Backend Developer,Chennai,54,11,33.9
36,Male,B.Tech,Product Manager,Chennai,35,14,39.8
42,Female,B.E,Product Manager,Mumbai,48,20,57.5
24,Male,B.Sc IT,Frontend Developer,Kolkata,53,2,8.2
45,Male,B.Sc IT,Product Manager,Hyderabad,53,23,63
22,Male,BCA,Engineering Manager,Pune,41,0,21.8
22,Male,MBA,Backend Developer,Mumbai,47,0,12.1
38,Male,MCA,Cloud Architect,Noida,40,16,58.8
46,Female,B.Tech,DevOps Engineer,Bengaluru,37,24,64.9
23,Female,MBA,Product Manager,Kolkata,49,1,7.6
31,Female,PhD,Software Engineer,Bengaluru,43,9,33.4
34,Male,MCA,Engineering Manager,Mumbai,35,12,51.3
38,Female,B.Tech,Cloud Architect,Bengaluru,49,16,63.5
43,Female,B.E,Product Manager,Pune,42,21,48.4
23,Female,B.E,QA Engineer,Chennai,40,1,6
31,Male,MCA,Software Engineer,Gurugram,37,9,24.2
43,Female,B.Tech,Data Scientist,Noida,48,21,66.5
30,Female,B.Sc IT,Fullstack Developer,Bengaluru,48,8,25.5
41,Male,M.Tech,Product Manager,Mumbai,42,19,57.8
23,Male,BCA,Data Scientist,Chennai,51,1,16.6
31,Male,MCA,DevOps Engineer,Chennai,39,9,26.4
32,Male,M.Tech,Cloud Architect,Bengaluru,40,10,43.8
46,Male,MCA,Backend Developer,Noida,49,24,72.1
30,Male,M.Tech,Data Scientist,Bengaluru,52,8,35.8
24,Male,M.Tech,Cloud Architect,Chennai,54,2,29.4
22,Female,B.E,Fullstack Developer,Hyderabad,48,0,7.1
50,Male,PhD,Frontend Developer,Noida,47,28,76.9
41,Male,BCA,Product Manager,Noida,50,19,57.8
36,Male,BCA,Cloud Architect,Hyderabad,51,14,49.8
35,Male,MCA,Frontend Developer,Chennai,51,13,33.5
23,Male,B.E,Data Scientist,Chennai,42,1,13.3
26,Female,B.Tech,Fullstack Developer,Chennai,38,4,12.8
23,Male,M.Tech,Frontend Developer,Hyderabad,46,1,11.9
39,Male,PhD,Engineering Manager,Noida,39,17,68.4
47,Female,MBA,Frontend Developer,Bengaluru,46,25,70.4
23,Male,MBA,Frontend Developer,Chennai,47,1,10.8
49,Female,MBA,Data Scientist,Hyderabad,54,27,72.7
47,Female,B.Sc IT,QA Engineer,Noida,39,25,57.8
22,Female,M.Tech,Backend Developer,Kolkata,53,0,6.9
31,Male,B.E,QA Engineer,Hyderabad,53,9,30.2
40,Male,B.Sc IT,Cloud Architect,Hyderabad,39,18,65.7
49,Male,BCA,Fullstack Developer,Mumbai,37,27,78.1
29,Male,B.Tech,Software Engineer,Kolkata,53,7,24.3
21,Male,B.E,Fullstack Developer,Bengaluru,50,0,8.8
33,Female,M.Tech,Frontend Developer,Noida,50,11,35.1
33,Male,MBA,Product Manager,Bengaluru,36,11,38.6
26,Male,B.Sc IT,Product Manager,Pune,42,4,14.8
21,Female,M.Tech,Data Scientist,Mumbai,39,0,19.4
29,Male,B.Tech,Cloud Architect,Noida,39,7,38.7
36,Female,B.Sc IT,Engineering Manager,Hyderabad,47,14,49.5
29,Male,BCA,Cloud Architect,Hyderabad,48,7,40.4
30,Female,B.E,Security Engineer,Noida,40,8,29.5
28,Male,B.Sc IT,Fullstack Developer,Mumbai,42,6,24.3
39,Female,B.E,Frontend Developer,Chennai,44,17,37.7
33,Female,B.Tech,Cloud Architect,Hyderabad,50,11,50.9
37,Female,M.Tech,QA Engineer,Pune,50,15,45.8
22,Male,B.Sc IT,Cloud Architect,Pune,48,0,18
49,Male,MBA,Cloud Architect,Mumbai,38,27,93.7
42,Female,M.Tech,DevOps Engineer,Hyderabad,51,20,47.7
35,Male,B.E,Backend Developer,Noida,49,13,35.9
37,Female,B.Tech,Security Engineer,Hyderabad,35,15,41.4
45,Female,B.Tech,Frontend Developer,Gurugram,40,23,62.6
36,Male,BCA,Engineering Manager,Hyderabad,48,14,56
45,Female,BCA,Backend Developer,Hyderabad,52,23,53.8
38,Male,MBA,Fullstack Developer,Mumbai,45,16,48.5
46,Male,B.E,QA Engineer,Pune,40,24,56.2
42,Male,B.E,Cloud Architect,Hyderabad,35,20,62.7
21,Male,M.Tech,DevOps Engineer,Noida,38,0,7.6
24,Female,MCA,Backend Developer,Chennai,41,2,9
24,Female,MBA,Engineering Manager,Kolkata,44,2,27.3
36,Female,PhD,QA Engineer,Mumbai,46,14,38.3
33,Male,B.E,Engineering Manager,Pune,44,11,43.8
23,Male,M.Tech,Data Scientist,Kolkata,54,1,15.7
21,Male,B.Tech,Product Manager,Noida,54,0,3.8
36,Female,B.E,Fullstack Developer,Noida,36,14,33.8
43,Female,B.Tech,QA Engineer,Hyderabad,35,21,49.6
39,Female,MBA,Software Engineer,Pune,49,17,44.9
34,Female,B.E,Security Engineer,Chennai,36,12,40.8
24,Male,PhD,QA Engineer,Noida,41,2,14.5
37,Male,M.Tech,Software Engineer,Kolkata,47,15,50.4
43,Female,MCA,DevOps Engineer,Mumbai,38,21,62.3
47,Female,MCA,Backend Developer,Gurugram,45,25,60.7
50,Male,MCA,Software Engineer,Chennai,49,28,63.1
27,Female,B.Sc IT,Data Scientist,Pune,39,5,23.4
39,Male,B.Tech,Backend Developer,Bengaluru,35,17,43.6
37,Female,MBA,Data Scientist,Kolkata,40,15,48.9
25,Female,B.Tech,Product Manager,Kolkata,41,3,11.7
45,Male,B.E,Frontend Developer,Chennai,35,23,68.9
37,Male,M.Tech,Product Manager,Mumbai,54,15,45.8
23,Female,MBA,Backend Developer,Pune,36,1,8.8
33,Male,B.Tech,Software Engineer,Hyderabad,53,11,38.6
22,Male,MCA,Product Manager,Pune,37,0,3.8
34,Female,PhD,Software Engineer,Hyderabad,37,12,45.4
42,Male,MBA,Frontend Developer,Noida,42,20,55.3
50,Female,B.E,Data Scientist,Chennai,42,28,79.3
35,Male,B.E,Fullstack Developer,Gurugram,44,13,41.1
36,Male,BCA,Frontend Developer,Hyderabad,47,14,41.1
46,Male,M.Tech,Frontend Developer,Noida,50,24,63.7
35,Female,MCA,Data Scientist,Hyderabad,40,13,46.9
45,Female,PhD,DevOps Engineer,Hyderabad,43,23,57.9
39,Male,M.Tech,Fullstack Developer,Gurugram,50,17,50.6
21,Male,B.Tech,Engineering Manager,Kolkata,52,0,19.9
32,Male,MCA,Cloud Architect,Mumbai,46,10,44.1
46,Male,MBA,Engineering Manager,Noida,54,24,72.3
27,Male,MCA,Cloud Architect,Kolkata,45,5,30.3
33,Female,B.E,Security Engineer,Chennai,45,11,36.2
48,Male,B.Sc IT,Product Manager,Pune,43,26,69
39,Male,BCA,Engineering Manager,Mumbai,41,17,60.5
23,Male,MBA,Security Engineer,Noida,38,1,16.7
31,Female,B.E,Cloud Architect,Kolkata,46,9,37.1
40,Female,BCA,Fullstack Developer,Chennai,53,18,38
30,Male,PhD,Frontend Developer,Kolkata,47,8,29.3
29,Male,B.Tech,Fullstack Developer,Gurugram,53,7,19.4
27,Female,B.Tech,Backend Developer,Kolkata,46,5,14.8
35,Male,B.E,Data Scientist,Hyderabad,40,13,50.6
43,Male,BCA,Product Manager,Pune,47,21,55.5
31,Male,B.Sc IT,Security Engineer,Gurugram,38,9,32.1
26,Female,BCA,Product Manager,Noida,38,4,14.3
49,Female,BCA,Backend Developer,Bengaluru,44,27,62.7
37,Male,PhD,Fullstack Developer,Chennai,39,15,46.6
28,Male,B.Sc IT,Fullstack Developer,Gurugram,40,6,16.7
38,Male,MBA,Fullstack Developer,Hyderabad,50,16,44.1
36,Female,B.Tech,DevOps Engineer,Kolkata,46,14,35.2
27,Male,MCA,Engineering Manager,Chennai,49,5,28.3
39,Male,MBA,Product Manager,Gurugram,45,17,50.8
22,Male,MBA,Product Manager,Bengaluru,51,0,9.8
33,Male,B.Sc IT,Software Engineer,Mumbai,43,11,35.5
45,Male,PhD,Fullstack Developer,Pune,37,23,61
26,Male,B.Tech,Fullstack Developer,Mumbai,54,4,18.7
44,Female,MCA,Cloud Architect,Pune,43,22,58.6
23,Female,PhD,QA Engineer,Kolkata,35,1,11
37,Male,B.Tech,Software Engineer,Hyderabad,43,15,40.3
28,Female,B.Sc IT,Security Engineer,Pune,46,6,25
37,Female,BCA,QA Engineer,Mumbai,38,15,35.1
44,Female,M.Tech,Software Engineer,Hyderabad,54,22,67.1
26,Female,M.Tech,QA Engineer,Chennai,40,4,16.9
28,Female,B.Tech,QA Engineer,Noida,49,6,18.4
50,Female,M.Tech,Data Scientist,Noida,48,28,74.2
41,Male,MCA,Cloud Architect,Chennai,45,19,64.4
42,Female,B.Tech,DevOps Engineer,Gurugram,38,20,47.5
32,Male,MBA,DevOps Engineer,Chennai,44,10,28.8
33,Male,B.Tech,Engineering Manager,Pune,50,11,50.1
46,Male,B.E,Backend Developer,Chennai,39,24,67.9
46,Male,B.Sc IT,Frontend Developer,Chennai,44,24,66
32,Female,MBA,Software Engineer,Hyderabad,49,10,28.8
43,Female,M.Tech,QA Engineer,Chennai,36,21,47.2
30,Female,B.Tech,Software Engineer,Kolkata,39,8,21.6
48,Female,BCA,DevOps Engineer,Mumbai,53,26,73.2
23,Female,B.Tech,Frontend Developer,Hyderabad,45,1,9.6
36,Female,PhD,Engineering Manager,Mumbai,35,14,58.3
32,Male,MBA,Data Scientist,Bengaluru,42,10,49.3
23,Female,BCA,Engineering Manager,Noida,40,1,17.5
41,Male,B.Tech,QA Engineer,Mumbai,45,19,63.4
32,Female,B.Tech,Software Engineer,Kolkata,51,10,23.6
44,Male,M.Tech,Cloud Architect,Pune,40,22,76.9
37,Female,B.Tech,DevOps Engineer,Noida,50,15,40.8
47,Female,MCA,DevOps Engineer,Bengaluru,38,25,58.9
36,Male,MCA,Engineering Manager,Chennai,50,14,54.4
45,Female,PhD,Security Engineer,Chennai,39,23,59
25,Female,M.Tech,Frontend Developer,Pune,35,3,13.2
35,Male,BCA,Frontend Developer,Mumbai,45,13,44.8
30,Male,B.E,Backend Developer,Gurugram,43,8,23.1
27,Female,BCA,Backend Developer,Chennai,35,5,16.1
43,Male,BCA,Software Engineer,Bengaluru,43,21,59.8
39,Female,B.Sc IT,Fullstack Developer,Hyderabad,43,17,44.8
44,Male,B.Tech,DevOps Engineer,Gurugram,39,22,62.8
39,Male,BCA,QA Engineer,Mumbai,46,17,47.3
25,Male,PhD,QA Engineer,Pune,35,3,16.9
32,Male,MBA,Software Engineer,Pune,45,10,30.7
47,Male,B.Sc IT,Security Engineer,Hyderabad,38,25,86.1
49,Male,M.Tech,Backend Developer,Bengaluru,40,27,74
41,Male,MCA,Cloud Architect,Kolkata,40,19,62.5
47,Male,M.Tech,Security Engineer,Noida,52,25,82.7
33,Male,MCA,DevOps Engineer,Noida,37,11,33.6
42,Female,M.Tech,Product Manager,Noida,39,20,45.2
44,Female,BCA,Engineering Manager,Gurugram,52,22,60.6
38,Male,B.E,Software Engineer,Hyderabad,52,16,49.4
35,Male,MCA,Frontend Developer,Gurugram,45,13,32
33,Female,B.E,DevOps Engineer,Gurugram,46,11,30.1
21,Female,B.Tech,Security Engineer,Pune,46,0,11.4
35,Female,M.Tech,Fullstack Developer,Bengaluru,41,13,43.9
45,Female,PhD,Security Engineer,Bengaluru,36,23,73.3
33,Male,MBA,Data Scientist,Bengaluru,50,11,47.2
21,Male,MCA,Backend Developer,Hyderabad,53,0,7.5
35,Female,M.Tech,Data Scientist,Chennai,47,13,43.7
28,Female,PhD,Security Engineer,Noida,37,6,31.1
23,Male,B.Sc IT,Software Engineer,Chennai,53,1,5.6
42,Female,B.Sc IT,QA Engineer,Chennai,51,20,54.8
40,Female,MCA,Security Engineer,Pune,39,18,58.8
43,Female,BCA,Software Engineer,Chennai,36,21,53.3
23,Male,B.Sc IT,Cloud Architect,Pune,51,1,21.8
27,Male,M.Tech,Security Engineer,Hyderabad,44,5,35.3
32,Male,B.Tech,Cloud Architect,Chennai,45,10,38.3
21,Female,MCA,Data Scientist,Hyderabad,45,0,16.2
33,Male,PhD,Software Engineer,Gurugram,41,11,35.4
42,Female,BCA,Security Engineer,Pune,48,20,64
50,Male,BCA,Backend Developer,Gurugram,37,28,70.8
38,Male,BCA,Data Scientist,Pune,51,16,50.4
45,Male,BCA,QA Engineer,Pune,50,23,54.3
40,Male,B.Tech,Backend Developer,Mumbai,52,18,53.2
44,Male,B.E,Software Engineer,Mumbai,37,22,60.8
26,Male,B.E,Product Manager,Pune,52,4,16
37,Male,B.Tech,Security Engineer,Gurugram,52,15,54.9
31,Female,B.Sc IT,DevOps Engineer,Hyderabad,38,9,29.5
37,Male,B.Tech,Data Scientist,Gurugram,49,15,42.7
28,Male,B.E,DevOps Engineer,Hyderabad,36,6,21
23,Female,M.Tech,Frontend Developer,Bengaluru,39,1,13.6
46,Male,MCA,Backend Developer,Bengaluru,38,24,58.9
46,Male,BCA,Engineering Manager,Kolkata,49,24,84.3
28,Female,MBA,Cloud Architect,Chennai,45,6,30.9
31,Female,PhD,DevOps Engineer,Kolkata,41,9,33.6
23,Male,MBA,Cloud Architect,Bengaluru,48,1,24.3
41,Female,B.Tech,Security Engineer,Mumbai,50,19,55.3
47,Male,B.Sc IT,Backend Developer,Chennai,52,25,62.9
25,Female,B.Tech,Product Manager,Pune,50,3,9.8
35,Female,BCA,Frontend Developer,Pune,49,13,30
37,Female,B.Tech,Engineering Manager,Kolkata,52,15,47.7
48,Male,M.Tech,Fullstack Developer,Noida,37,26,76.6
25,Male,PhD,Data Scientist,Hyderabad,41,3,26.3
46,Male,PhD,Engineering Manager,Noida,45,24,77.2
36,Female,BCA,Software Engineer,Gurugram,38,14,33
33,Male,M.Tech,DevOps Engineer,Kolkata,42,11,30
36,Male,MCA,Cloud Architect,Pune,49,14,55.8
47,Female,MBA,Software Engineer,Kolkata,38,25,55.1
42,Male,MCA,Data Scientist,Noida,39,20,64
37,Male,M.Tech,Security Engineer,Gurugram,35,15,46.4
50,Male,M.Tech,QA Engineer,Pune,54,28,67.1
45,Male,B.E,Software Engineer,Chennai,43,23,61.1
42,Male,MBA,Software Engineer,Mumbai,48,20,57.8
48,Female,BCA,Software Engineer,Chennai,46,26,58.7
48,Male,PhD,Engineering Manager,Noida,45,26,101.7
21,Male,PhD,Security Engineer,Kolkata,49,0,19.2
40,Female,MBA,Engineering Manager,Pune,40,18,68.8
31,Female,MBA,Fullstack Developer,Hyderabad,51,9,27.8
50,Male,BCA,Backend Developer,Chennai,48,28,72.3
44,Female,B.E,Frontend Developer,Hyderabad,41,22,53.9
44,Female,MCA,Engineering Manager,Noida,45,22,59.9
23,Male,M.Tech,Fullstack Developer,Gurugram,52,1,8.6
47,Female,B.E,Backend Developer,Gurugram,39,25,68.7
50,Female,M.Tech,DevOps Engineer,Hyderabad,49,28,71.4
33,Female,PhD,Product Manager,Mumbai,49,11,40.7
29,Female,M.Tech,Security Engineer,Kolkata,50,7,28
28,Female,B.E,Fullstack Developer,Gurugram,45,6,15.3
37,Male,B.Sc IT,Engineering Manager,Bengaluru,37,15,66.2
32,Female,M.Tech,Cloud Architect,Hyderabad,42,10,41
37,Male,PhD,Frontend Developer,Gurugram,52,15,49.2
21,Female,B.Sc IT,DevOps Engineer,Bengaluru,44,0,6.6
44,Female,B.Tech,Product Manager,Hyderabad,41,22,61
21,Male,B.E,DevOps Engineer,Noida,41,0,3.8
32,Male,PhD,Software Engineer,Pune,46,10,35.7
34,Female,MCA,Data Scientist,Bengaluru,44,12,39.7
26,Female,M.Tech,Security Engineer,Kolkata,49,4,19.3
42,Male,B.Sc IT,Frontend Developer,Pune,36,20,58.4
21,Male,B.Tech,Security Engineer,Gurugram,50,0,11.3
23,Male,B.Sc IT,Cloud Architect,Mumbai,41,1,26.2
24,Female,B.Sc IT,DevOps Engineer,Bengaluru,46,2,11.6
40,Male,PhD,Engineering Manager,Pune,36,18,71.3
31,Male,M.Tech,Cloud Architect,Chennai,49,9,38.2
36,Male,B.Tech,Product Manager,Pune,47,14,40.7
37,Male,MCA,Backend Developer,Chennai,42,15,36.5
36,Male,MCA,Backend Developer,Kolkata,51,14,39.6
43,Male,PhD,Backend Developer,Pune,48,21,59.6
49,Male,BCA,QA Engineer,Mumbai,37,27,78.2
40,Female,B.Sc IT,Software Engineer,Pune,45,18,45
29,Male,PhD,Security Engineer,Hyderabad,38,7,42.6
46,Male,BCA,Fullstack Developer,Kolkata,45,24,60.2
26,Male,BCA,DevOps Engineer,Hyderabad,50,4,19.1
29,Male,BCA,Frontend Developer,Bengaluru,43,7,27.7
42,Male,MBA,Engineering Manager,Kolkata,53,20,63.3
47,Female,MCA,Security Engineer,Kolkata,52,25,62
34,Female,PhD,Security Engineer,Pune,53,12,39.5
22,Male,PhD,Frontend Developer,Kolkata,47,0,10.6
30,Male,BCA,Product Manager,Kolkata,42,8,23.3
29,Male,B.Sc IT,Software Engineer,Bengaluru,38,7,25.2
48,Male,B.Sc IT,Cloud Architect,Chennai,53,26,87.7
30,Female,B.Tech,Engineering Manager,Gurugram,43,8,32.2
23,Male,MCA,DevOps Engineer,Hyderabad,35,1,9.3
37,Male,MBA,Product Manager,Gurugram,40,15,42.2
31,Female,M.Tech,QA Engineer,Mumbai,38,9,30.6
34,Male,B.Sc IT,Software Engineer,Chennai,46,12,33.3
25,Male,B.E,DevOps Engineer,Chennai,42,3,11.1
24,Male,MBA,Product Manager,Pune,54,2,10.9
29,Female,PhD,Engineering Manager,Chennai,36,7,43.4
35,Male,MBA,Frontend Developer,Chennai,50,13,36.8
32,Female,B.E,Data Scientist,Bengaluru,36,10,40.9
49,Male,B.E,Cloud Architect,Bengaluru,49,27,95.8
21,Male,BCA,Product Manager,Mumbai,39,0,7.1
31,Male,B.Sc IT,Security Engineer,Kolkata,38,9,30.9
42,Female,M.Tech,Data Scientist,Hyderabad,53,20,62.4
42,Male,B.E,QA Engineer,Kolkata,45,20,60.4
38,Male,M.Tech,Backend Developer,Chennai,40,16,46
46,Female,MBA,Fullstack Developer,Pune,49,24,64.4
35,Male,MBA,Security Engineer,Pune,35,13,40.6
31,Female,B.E,Engineering Manager,Bengaluru,47,9,41.9
25,Female,PhD,Backend Developer,Hyderabad,44,3,18.8
41,Female,M.Tech,Fullstack Developer,Gurugram,35,19,55.2
26,Male,B.E,Cloud Architect,Bengaluru,42,4,36.2
36,Female,MBA,Backend Developer,Bengaluru,43,14,37.6
48,Female,BCA,QA Engineer,Gurugram,48,26,56
28,Male,BCA,Data Scientist,Noida,54,6,25.1
42,Female,MCA,QA Engineer,Mumbai,41,20,59.3
48,Male,MCA,Product Manager,Pune,45,26,78.7
49,Male,B.Sc IT,QA Engineer,Noida,39,27,63.3
46,Male,B.E,Fullstack Developer,Chennai,42,24,71.6
40,Male,B.E,Security Engineer,Bengaluru,37,18,55.1
49,Male,B.E,QA Engineer,Hyderabad,46,27,73
34,Male,B.Sc IT,Product Manager,Noida,49,12,36.6
31,Female,B.E,Fullstack Developer,Chennai,43,9,26.3
40,Male,B.Tech,DevOps Engineer,Pune,45,18,53.5
26,Male,PhD,Data Scientist,Pune,42,4,25.6
22,Male,B.E,Cloud Architect,Bengaluru,43,0,21.3
23,Female,M.Tech,DevOps Engineer,Hyderabad,40,1,13.4
21,Female,PhD,Engineering Manager,Bengaluru,53,0,27
36,Male,B.E,Cloud Architect,Pune,35,14,61.7
37,Male,PhD,Data Scientist,Kolkata,37,15,52.6
34,Male,B.E,Security Engineer,Gurugram,36,12,38.1
40,Male,BCA,DevOps Engineer,Mumbai,41,18,48.9
22,Male,B.Sc IT,Data Scientist,Hyderabad,42,0,16.1
42,Female,B.E,Frontend Developer,Hyderabad,53,20,45.2
39,Male,B.Tech,Frontend Developer,Kolkata,39,17,40.3
35,Male,MCA,Security Engineer,Hyderabad,42,13,52.1
39,Female,PhD,Engineering Manager,Mumbai,49,17,72.3
34,Male,MCA,Data Scientist,Bengaluru,42,12,50.9
25,Female,MCA,Product Manager,Noida,42,3,11
46,Male,M.Tech,DevOps Engineer,Pune,51,24,64.3
44,Female,B.E,Security Engineer,Bengaluru,51,22,68.2
50,Male,PhD,DevOps Engineer,Noida,43,28,91.2
25,Male,B.E,DevOps Engineer,Mumbai,45,3,17.5
44,Male,PhD,Frontend Developer,Kolkata,48,22,69.5
37,Male,B.Sc IT,Fullstack Developer,Hyderabad,47,15,50.5
44,Male,MCA,Data Scientist,Gurugram,47,22,68
48,Male,MCA,Frontend Developer,Gurugram,48,26,67.1
30,Male,B.E,Frontend Developer,Chennai,44,8,24
24,Male,B.Sc IT,DevOps Engineer,Bengaluru,38,2,12.3
28,Male,B.Sc IT,Frontend Developer,Bengaluru,53,6,20.5
49,Male,PhD,DevOps Engineer,Hyderabad,50,27,70.4
24,Female,B.E,Software Engineer,Noida,41,2,7.8
25,Male,BCA,DevOps Engineer,Bengaluru,53,3,14
35,Male,MBA,Data Scientist,Gurugram,44,13,52.8
34,Female,B.E,QA Engineer,Kolkata,39,12,26.5
21,Female,BCA,Software Engineer,Bengaluru,36,0,7.2
43,Female,BCA,Cloud Architect,Mumbai,47,21,64.9
33,Male,MCA,Cloud Architect,Gurugram,45,11,53
36,Female,MBA,Backend Developer,Chennai,53,14,37
50,Male,B.Sc IT,Engineering Manager,Hyderabad,45,28,105.7
23,Male,B.Sc IT,Product Manager,Bengaluru,49,1,11.3
30,Male,B.Sc IT,Data Scientist,Chennai,48,8,34.7
48,Male,B.Tech,Frontend Developer,Kolkata,47,26,61.1
46,Male,BCA,Frontend Developer,Gurugram,51,24,59.4
48,Male,MCA,Fullstack Developer,Mumbai,41,26,62.5
33,Male,PhD,Fullstack Developer,Chennai,38,11,41.5
21,Female,B.E,Cloud Architect,Mumbai,41,0,21.6
31,Female,BCA,QA Engineer,Hyderabad,40,9,25.3
26,Female,MCA,Backend Developer,Hyderabad,50,4,13.9
49,Male,B.Sc IT,Fullstack Developer,Chennai,54,27,81.6
35,Male,MCA,Security Engineer,Noida,46,13,49.8
27,Male,MCA,Fullstack Developer,Gurugram,51,5,15.1
28,Female,B.Tech,Engineering Manager,Noida,38,6,26.2
39,Male,MCA,DevOps Engineer,Kolkata,35,17,50.6
30,Female,M.Tech,DevOps Engineer,Gurugram,48,8,27.4
32,Female,M.Tech,Cloud Architect,Hyderabad,48,10,39.1
38,Male,M.Tech,Software Engineer,Noida,43,16,42.1
50,Male,B.Sc IT,Product Manager,Kolkata,45,28,76.5
46,Female,B.E,QA Engineer,Pune,47,24,64.6
43,Male,B.Tech,Backend Developer,Kolkata,39,21,55.7
32,Female,PhD,Backend Developer,Mumbai,42,10,36.6
38,Male,B.Sc IT,Product Manager,Mumbai,36,16,53.1
33,Female,MBA,Fullstack Developer,Hyderabad,42,11,35.5
35,Female,B.E,Fullstack Developer,Chennai,47,13,30.7
28,Female,B.Tech,Fullstack Developer,Kolkata,49,6,14.7
36,Male,MCA,Security Engineer,Gurugram,45,14,42.3
39,Male,PhD,Backend Developer,Pune,54,17,60.1
45,Male,B.Sc IT,Engineering Manager,Noida,41,23,71.4
31,Male,M.Tech,Security Engineer,Kolkata,39,9,41.5
30,Female,PhD,Cloud Architect,Pune,49,8,45.7
44,Male,B.E,Engineering Manager,Mumbai,50,22,78.9
33,Female,MCA,Fullstack Developer,Kolkata,52,11,32.5
22,Male,MCA,QA Engineer,Gurugram,49,0,4.4
31,Male,MCA,Software Engineer,Chennai,41,9,27.4
45,Male,B.Tech,Software Engineer,Noida,50,23,60.5
48,Male,MBA,Frontend Developer,Mumbai,49,26,74.3
29,Female,M.Tech,Backend Developer,Mumbai,52,7,26.8
34,Female,M.Tech,Data Scientist,Mumbai,35,12,38.6
24,Female,BCA,Engineering Manager,Noida,40,2,18.8
28,Male,B.Sc IT,Fullstack Developer,Gurugram,45,6,18.1
26,Male,MBA,QA Engineer,Mumbai,35,4,22
31,Female,MBA,Fullstack Developer,Pune,39,9,27.9
48,Male,MCA,Cloud Architect,Gurugram,37,26,89.4
47,Male,B.Tech,Software Engineer,Chennai,43,25,56.6
26,Male,B.E,QA Engineer,Noida,43,4,12.9
21,Male,BCA,Engineering Manager,Noida,47,0,20.6
29,Male,PhD,Product Manager,Noida,50,7,25.2
44,Male,BCA,Backend Developer,Kolkata,35,22,53.8
33,Female,B.Sc IT,Fullstack Developer,Hyderabad,35,11,29.4
49,Female,BCA,Fullstack Developer,Gurugram,48,27,58.2
33,Female,MBA,Software Engineer,Noida,35,11,28.1
46,Male,M.Tech,DevOps Engineer,Gurugram,45,24,76.7
41,Male,BCA,Product Manager,Noida,49,19,55.7
21,Female,B.Sc IT,Product Manager,Bengaluru,44,0,8.2
28,Female,MCA,Software Engineer,Chennai,36,6,15
28,Male,PhD,DevOps Engineer,Bengaluru,51,6,25.8
41,Female,MBA,Product Manager,Bengaluru,42,19,55
42,Female,B.E,Data Scientist,Mumbai,49,20,60.5
49,Male,M.Tech,DevOps Engineer,Bengaluru,44,27,89
40,Male,BCA,Fullstack Developer,Bengaluru,52,18,60.7
40,Female,B.Tech,Engineering Manager,Noida,45,18,59.2
40,Male,MCA,QA Engineer,Noida,43,18,45.4
40,Male,B.Tech,Cloud Architect,Bengaluru,54,18,69.6
25,Male,MBA,QA Engineer,Mumbai,51,3,16
49,Female,B.Tech,Software Engineer,Pune,37,27,66.9
50,Male,MCA,Engineering Manager,Mumbai,43,28,80.7
48,Male,BCA,Product Manager,Mumbai,50,26,70.9
27,Male,MBA,Fullstack Developer,Gurugram,52,5,19.1
26,Female,PhD,Security Engineer,Kolkata,44,4,29.2
43,Male,PhD,Data Scientist,Hyderabad,44,21,85.2
49,Female,BCA,Cloud Architect,Pune,41,27,80.8
40,Male,PhD,Product Manager,Chennai,54,18,55.5
38,Male,BCA,Data Scientist,Kolkata,48,16,44.2
21,Male,MBA,Backend Developer,Gurugram,38,0,7.2
30,Female,B.E,Security Engineer,Hyderabad,48,8,36.2
22,Male,MBA,Product Manager,Hyderabad,40,0,10.7
31,Female,MBA,QA Engineer,Gurugram,44,9,23.5
30,Female,PhD,Security Engineer,Noida,35,8,32.2
36,Female,M.Tech,Cloud Architect,Chennai,44,14,55.8
44,Male,MCA,DevOps Engineer,Bengaluru,52,22,60.7
28,Male,B.Tech,Backend Developer,Noida,38,6,17.2
44,Male,B.Tech,Data Scientist,Kolkata,45,22,57.5
41,Female,MCA,Backend Developer,Hyderabad,36,19,51.9
43,Male,PhD,Security Engineer,Mumbai,44,21,72
38,Male,MBA,Security Engineer,Gurugram,51,16,60.1
23,Male,PhD,DevOps Engineer,Mumbai,46,1,17.9
42,Male,B.E,Frontend Developer,Kolkata,39,20,52.5
33,Female,B.E,QA Engineer,Hyderabad,37,11,36.6
23,Male,MBA,Frontend Developer,Gurugram,41,1,8.3
37,Male,M.Tech,QA Engineer,Pune,35,15,42.7
46,Male,MBA,QA Engineer,Chennai,44,24,61.5
34,Female,PhD,Cloud Architect,Noida,52,12,52.1
36,Male,PhD,Data Scientist,Hyderabad,47,14,63.9
43,Female,B.Tech,Cloud Architect,Pune,47,21,56.7
47,Female,PhD,Backend Developer,Hyderabad,52,25,73.4
45,Male,M.Tech,Fullstack Developer,Kolkata,52,23,63.1
44,Female,B.Tech,Software Engineer,Noida,36,22,54.8
49,Female,B.E,Engineering Manager,Chennai,53,27,83.8
30,Male,BCA,Frontend Developer,Hyderabad,35,8,30.2
25,Male,BCA,Fullstack Developer,Kolkata,39,3,11.9
47,Female,BCA,Product Manager,Noida,40,25,67.8
25,Female,BCA,Engineering Manager,Chennai,40,3,23.3
29,Male,B.Sc IT,Security Engineer,Chennai,39,7,26.2
30,Male,B.Sc IT,QA Engineer,Chennai,38,8,22
49,Male,M.Tech,Product Manager,Bengaluru,41,27,78.6
33,Male,B.Tech,Data Scientist,Pune,53,11,40.9
43,Male,PhD,Data Scientist,Hyderabad,45,21,70.9
50,Male,MBA,Cloud Architect,Mumbai,39,28,106.5
22,Female,PhD,Fullstack Developer,Pune,43,0,9.7
37,Male,MBA,Product Manager,Bengaluru,41,15,44.9
41,Male,BCA,Cloud Architect,Bengaluru,44,19,69
35,Male,M.Tech,Backend Developer,Mumbai,48,13,38.7
26,Male,B.Sc IT,Fullstack Developer,Gurugram,40,4,16.1
47,Male,BCA,Product Manager,Gurugram,53,25,57.9
44,Female,B.Tech,Security Engineer,Noida,54,22,51.3
48,Female,MBA,Fullstack Developer,Mumbai,51,26,59.2
32,Male,B.Sc IT,Security Engineer,Hyderabad,35,10,37.5
34,Female,B.Tech,Fullstack Developer,Gurugram,53,12,34.3
40,Male,B.E,DevOps Engineer,Gurugram,39,18,42.8
47,Female,PhD,Frontend Developer,Bengaluru,35,25,59.8
46,Male,M.Tech,Data Scientist,Kolkata,45,24,69.8
28,Male,M.Tech,Frontend Developer,Kolkata,37,6,19.3
24,Male,PhD,Security Engineer,Hyderabad,38,2,29.1
24,Male,PhD,Security Engineer,Noida,39,2,25.5
30,Male,BCA,QA Engineer,Bengaluru,35,8,28.1
39,Male,MCA,Frontend Developer,Pune,46,17,49.6
39,Male,PhD,QA Engineer,Kolkata,38,17,46.6
29,Male,B.Tech,Frontend Developer,Pune,43,7,19
24,Female,B.Tech,Fullstack Developer,Hyderabad,42,2,13.3
35,Male,B.E,Cloud Architect,Kolkata,36,13,50.7
42,Female,B.E,Backend Developer,Pune,42,20,48.5
48,Male,MCA,Data Scientist,Mumbai,35,26,90.1
28,Male,B.Tech,Product Manager,Noida,42,6,18.7
32,Male,M.Tech,Software Engineer,Hyderabad,50,10,35.8
34,Male,B.E,Product Manager,Mumbai,46,12,34.7
50,Female,MBA,Product Manager,Mumbai,52,28,80.1
27,Female,B.Tech,Engineering Manager,Mumbai,47,5,30.5
40,Male,PhD,Security Engineer,Gurugram,48,18,68.2
33,Male,BCA,Data Scientist,Noida,40,11,43.4
37,Male,MCA,Security Engineer,Mumbai,45,15,58
38,Male,MBA,DevOps Engineer,Bengaluru,40,16,46.1
42,Male,M.Tech,Software Engineer,Hyderabad,43,20,66
33,Male,B.Sc IT,Software Engineer,Pune,46,11,31.2
44,Male,MBA,Security Engineer,Pune,45,22,64.5
35,Female,BCA,Frontend Developer,Noida,39,13,34.8
46,Female,B.E,Engineering Manager,Mumbai,49,24,75.7
47,Female,B.E,Frontend Developer,Gurugram,47,25,60.4
44,Male,M.Tech,Software Engineer,Pune,37,22,60.7
23,Male,MCA,Fullstack Developer,Hyderabad,42,1,10.7
43,Male,B.Tech,Engineering Manager,Noida,38,21,74.5
26,Female,B.Sc IT,Engineering Manager,Mumbai,48,4,28.8
35,Male,PhD,Product Manager,Pune,42,13,37.2
37,Female,MCA,Engineering Manager,Hyderabad,39,15,47
45,Male,MCA,Cloud Architect,Hyderabad,37,23,78.4
46,Male,BCA,Product Manager,Pune,41,24,68.6
47,Male,MBA,Frontend Developer,Kolkata,50,25,75.5
44,Male,MCA,DevOps Engineer,Pune,41,22,64.5
46,Female,B.E,Security Engineer,Mumbai,38,24,60.5
22,Female,B.E,QA Engineer,Mumbai,47,0,7
27,Female,M.Tech,Cloud Architect,Chennai,46,5,33
49,Female,B.Tech,QA Engineer,Pune,50,27,58.2
46,Female,MCA,Product Manager,Bengaluru,39,24,63.3
30,Female,BCA,Data Scientist,Kolkata,37,8,31.6
34,Female,MBA,Software Engineer,Bengaluru,51,12,41
27,Female,B.Sc IT,Security Engineer,Noida,45,5,21.8
46,Female,BCA,Engineering Manager,Bengaluru,52,24,81.1
21,Female,B.E,Backend Developer,Kolkata,35,0,3.9
35,Male,B.Tech,Security Engineer,Chennai,41,13,40.2
39,Female,MBA,Fullstack Developer,Hyderabad,41,17,44.1
33,Male,M.Tech,Cloud Architect,Bengaluru,46,11,47.5
49,Male,M.Tech,Cloud Architect,Noida,48,27,99.2
22,Female,B.Tech,QA Engineer,Hyderabad,35,0,7
23,Male,B.E,Backend Developer,Pune,46,1,6
43,Male,MCA,QA Engineer,Chennai,45,21,64.4
22,Female,BCA,Product Manager,Hyderabad,39,0,6.4
29,Male,MCA,Fullstack Developer,Noida,37,7,24
34,Female,MCA,Backend Developer,Noida,48,12,30.2
46,Female,MCA,Fullstack Developer,Mumbai,54,24,63.7
44,Female,B.Tech,Backend Developer,Mumbai,47,22,61
44,Female,M.Tech,Product Manager,Chennai,43,22,60.3
21,Male,MBA,Frontend Developer,Chennai,40,0,6.8
48,Female,MBA,Software Engineer,Hyderabad,37,26,69.4
37,Female,MBA,Cloud Architect,Bengaluru,42,15,49.9
49,Male,BCA,Engineering Manager,Pune,50,27,92.2
47,Male,B.Sc IT,DevOps Engineer,Kolkata,50,25,65.3
27,Male,PhD,QA Engineer,Pune,41,5,22.5
27,Male,MCA,Security Engineer,Noida,44,5,27.1
35,Male,BCA,Cloud Architect,Bengaluru,42,13,60.9
33,Female,BCA,Product Manager,Mumbai,44,11,29.8
33,Female,M.Tech,Software Engineer,Gurugram,54,11,30.7
33,Male,MCA,Software Engineer,Bengaluru,44,11,39.3
36,Male,BCA,QA Engineer,Mumbai,36,14,48.3
48,Male,B.Sc IT,Backend Developer,Chennai,43,26,72.1
25,Male,MBA,QA Engineer,Kolkata,41,3,15.7
46,Male,MCA,Engineering Manager,Gurugram,41,24,88.4
50,Male,B.Tech,Security Engineer,Gurugram,45,28,74.5
30,Male,M.Tech,Security Engineer,Chennai,36,8,33.8
23,Male,B.Sc IT,Backend Developer,Chennai,44,1,7.2
27,Female,B.E,Fullstack Developer,Kolkata,54,5,12.8
32,Female,PhD,Engineering Manager,Pune,47,10,46.7
45,Male,BCA,Software Engineer,Mumbai,45,23,58.3
31,Female,PhD,Data Scientist,Mumbai,44,9,40.6
45,Male,PhD,Software Engineer,Mumbai,36,23,74.3
43,Male,MBA,Frontend Developer,Chennai,40,21,67.6
32,Female,B.Sc IT,Engineering Manager,Kolkata,52,10,37.9
21,Male,MCA,Cloud Architect,Mumbai,43,0,23.2
32,Male,PhD,Cloud Architect,Noida,41,10,56.7
45,Male,MBA,Fullstack Developer,Pune,40,23,56.3
44,Male,BCA,Software Engineer,Mumbai,45,22,55.3
42,Male,BCA,Frontend Developer,Pune,41,20,50.4
41,Male,B.E,Backend Developer,Pune,35,19,56.6
31,Female,PhD,Security Engineer,Pune,53,9,38.3
28,Male,BCA,Software Engineer,Noida,37,6,20.9
32,Male,BCA,Frontend Developer,Noida,39,10,26.8
44,Male,B.E,Cloud Architect,Kolkata,41,22,80.8
45,Female,B.Sc IT,Backend Developer,Chennai,39,23,55.7
35,Male,MBA,Frontend Developer,Mumbai,43,13,46.2
29,Female,MBA,Software Engineer,Gurugram,41,7,20.3
34,Female,B.Sc IT,Cloud Architect,Bengaluru,51,12,49.7
30,Male,MCA,Software Engineer,Mumbai,50,8,30.9
23,Female,MBA,DevOps Engineer,Chennai,47,1,8.7
49,Female,BCA,QA Engineer,Pune,35,27,73.7
49,Male,B.Sc IT,Fullstack Developer,Chennai,48,27,80.6
41,Female,B.E,Backend Developer,Pune,38,19,52.1
28,Male,MBA,Data Scientist,Pune,43,6,27.7
39,Male,B.E,Backend Developer,Noida,50,17,40.6
23,Female,MBA,DevOps Engineer,Mumbai,40,1,10.6
21,Female,MBA,Data Scientist,Kolkata,38,0,12.8
47,Female,B.Tech,Product Manager,Hyderabad,54,25,64
38,Male,B.Tech,Software Engineer,Chennai,53,16,50.2
31,Male,MCA,Engineering Manager,Pune,50,9,36.5
42,Female,B.Sc IT,Cloud Architect,Noida,53,20,63.4
27,Male,B.Tech,Software Engineer,Bengaluru,49,5,19.7
43,Female,M.Tech,Data Scientist,Hyderabad,41,21,64.6
27,Male,MCA,Security Engineer,Bengaluru,47,5,25.3
22,Male,B.Sc IT,DevOps Engineer,Bengaluru,39,0,8.5
45,Male,M.Tech,Security Engineer,Chennai,37,23,66.8
50,Male,M.Tech,QA Engineer,Bengaluru,41,28,70.3
44,Male,PhD,Software Engineer,Gurugram,52,22,75.7
35,Female,B.E,Fullstack Developer,Hyderabad,49,13,31.8
45,Female,B.Tech,Backend Developer,Bengaluru,37,23,62
43,Female,BCA,QA Engineer,Pune,37,21,48.4
25,Male,B.Sc IT,Data Scientist,Hyderabad,52,3,26.1
31,Male,B.Sc IT,Fullstack Developer,Mumbai,43,9,28.5
37,Male,PhD,Software Engineer,Pune,53,15,42.4
44,Female,PhD,QA Engineer,Bengaluru,39,22,62
35,Female,B.E,Engineering Manager,Gurugram,39,13,51.6
46,Male,MCA,Engineering Manager,Bengaluru,51,24,86.6
48,Male,MCA,DevOps Engineer,Gurugram,38,26,74.6
33,Female,BCA,Backend Developer,Noida,54,11,30.2
38,Female,B.Tech,Product Manager,Chennai,50,16,42.7
47,Male,B.E,Backend Developer,Kolkata,38,25,60.8
22,Male,BCA,Frontend Developer,Noida,50,0,3.6
26,Female,BCA,QA Engineer,Gurugram,44,4,11.1
43,Male,BCA,Software Engineer,Noida,48,21,61
26,Male,MBA,Engineering Manager,Kolkata,40,4,32.4
31,Male,MCA,Backend Developer,Mumbai,35,9,26.4
41,Female,PhD,Backend Developer,Kolkata,35,19,56.2
38,Female,B.E,QA Engineer,Pune,42,16,42.6
47,Male,PhD,DevOps Engineer,Kolkata,41,25,82.5
36,Female,MBA,Security Engineer,Mumbai,52,14,48.4
36,Male,PhD,DevOps Engineer,Pune,41,14,47.5
38,Female,MBA,Cloud Architect,Bengaluru,44,16,61.1
47,Female,MCA,Product Manager,Noida,51,25,52.8
46,Male,B.Sc IT,Security Engineer,Gurugram,42,24,61.2
32,Female,MBA,Engineering Manager,Bengaluru,35,10,39.9
26,Female,B.E,Product Manager,Gurugram,35,4,14.5
45,Male,B.E,Data Scientist,Bengaluru,54,23,63.3
27,Female,BCA,Data Scientist,Mumbai,47,5,23.6
21,Male,MBA,Backend Developer,Mumbai,45,0,11
43,Male,B.Tech,Backend Developer,Bengaluru,43,21,69.5
33,Female,B.Tech,QA Engineer,Chennai,46,11,27.5
23,Male,BCA,Security Engineer,Kolkata,50,1,13.4
30,Female,BCA,Software Engineer,Pune,47,8,20.1
46,Male,B.E,Data Scientist,Noida,46,24,62.5
37,Male,MCA,Data Scientist,Kolkata,47,15,45.2
42,Male,BCA,DevOps Engineer,Pune,52,20,49.3
41,Male,MBA,DevOps Engineer,Noida,48,19,62.5
50,Male,M.Tech,Engineering Manager,Chennai,48,28,95.8
23,Male,B.E,Product Manager,Pune,45,1,5.6
31,Male,B.Tech,Product Manager,Hyderabad,42,9,31
29,Male,B.Tech,Engineering Manager,Kolkata,43,7,38.6
46,Male,MCA,Cloud Architect,Hyderabad,52,24,74.3
25,Female,MCA,Fullstack Developer,Chennai,39,3,10.2
24,Female,B.Sc IT,Frontend Developer,Mumbai,36,2,11
26,Female,M.Tech,Software Engineer,Mumbai,38,4,19.1
24,Male,PhD,QA Engineer,Kolkata,52,2,16.7
37,Male,B.E,Security Engineer,Chennai,43,15,53.3
30,Male,B.Sc IT,Frontend Developer,Mumbai,47,8,30.7
37,Male,PhD,Security Engineer,Noida,40,15,53.4
23,Male,MCA,Data Scientist,Hyderabad,43,1,20
21,Male,B.E,Security Engineer,Bengaluru,42,0,15.8
23,Female,B.Sc IT,Security Engineer,Noida,40,1,13.1
30,Male,B.E,Software Engineer,Noida,47,8,24.4
24,Male,MBA,Product Manager,Noida,48,2,11.7
47,Female,MCA,Fullstack Developer,Pune,47,25,67.7
49,Male,B.E,Security Engineer,Mumbai,35,27,94.6
49,Male,B.Sc IT,Frontend Developer,Chennai,45,27,74.4
36,Female,B.Sc IT,Cloud Architect,Chennai,37,14,48.1
50,Male,B.E,Software Engineer,Pune,39,28,78.6
24,Male,BCA,Frontend Developer,Bengaluru,41,2,13.5
36,Male,MBA,Security Engineer,Bengaluru,50,14,53.5
39,Male,MCA,Cloud Architect,Gurugram,48,17,57.2
29,Female,M.Tech,Cloud Architect,Mumbai,38,7,39.7
21,Female,B.Tech,Security Engineer,Hyderabad,52,0,14
49,Male,M.Tech,DevOps Engineer,Mumbai,40,27,78.4
21,Male,M.Tech,QA Engineer,Mumbai,49,0,9.6
41,Male,B.Tech,Data Scientist,Mumbai,45,19,67.4
41,Female,PhD,DevOps Engineer,Kolkata,51,19,58.6
32,Male,B.Sc IT,Fullstack Developer,Chennai,52,10,30.8
28,Female,MCA,Cloud Architect,Hyderabad,42,6,32.7
40,Male,B.E,Product Manager,Mumbai,39,18,54.2
47,Male,M.Tech,Fullstack Developer,Bengaluru,54,25,78.6
41,Female,BCA,DevOps Engineer,Chennai,48,19,49.7
40,Male,B.E,QA Engineer,Gurugram,51,18,45.8
23,Female,B.Tech,DevOps Engineer,Noida,51,1,6.1
44,Female,MBA,Cloud Architect,Gurugram,54,22,61.6
26,Male,PhD,DevOps Engineer,Noida,36,4,23
40,Female,MCA,Frontend Developer,Pune,38,18,41
43,Male,M.Tech,Software Engineer,Bengaluru,50,21,70.6
22,Male,B.Tech,DevOps Engineer,Kolkata,47,0,4.2
22,Female,B.Tech,Security Engineer,Gurugram,53,0,11.3
25,Male,BCA,Data Scientist,Chennai,39,3,20.3
29,Male,M.Tech,DevOps Engineer,Bengaluru,41,7,32.4
23,Female,MCA,Data Scientist,Mumbai,49,1,16.8
44,Female,MBA,DevOps Engineer,Mumbai,45,22,57.5
46,Female,BCA,Data Scientist,Bengaluru,43,24,68.8
44,Male,BCA,Frontend Developer,Kolkata,36,22,61.1
31,Male,M.Tech,Security Engineer,Chennai,52,9,39
37,Male,B.Tech,QA Engineer,Chennai,37,15,44
29,Female,M.Tech,Security Engineer,Bengaluru,42,7,36.9
22,Male,PhD,Product Manager,Mumbai,36,0,15.6
21,Male,MCA,DevOps Engineer,Gurugram,39,0,4.2
45,Female,M.Tech,Data Scientist,Mumbai,43,23,75.8
21,Male,B.Sc IT,Engineering Manager,Gurugram,42,0,17.9
28,Male,M.Tech,Product Manager,Mumbai,51,6,25.9
30,Male,BCA,Cloud Architect,Pune,54,8,43.1
23,Male,BCA,Software Engineer,Noida,44,1,6.3
38,Female,MCA,DevOps Engineer,Hyderabad,54,16,45.6
27,Female,MCA,Software Engineer,Noida,54,5,13.9
34,Male,B.Tech,Fullstack Developer,Pune,37,12,31
48,Male,BCA,Fullstack Developer,Noida,49,26,58.8
43,Female,MBA,Cloud Architect,Mumbai,47,21,77.8
47,Female,PhD,DevOps Engineer,Kolkata,42,25,61.8
50,Female,BCA,Frontend Developer,Gurugram,37,28,56.8
50,Male,PhD,Fullstack Developer,Gurugram,35,28,83.9
26,Male,B.Sc IT,Software Engineer,Noida,48,4,13.1
23,Male,B.E,Backend Developer,Bengaluru,36,1,9.2
44,Male,B.Tech,Software Engineer,Gurugram,46,22,66
31,Male,B.E,Security Engineer,Gurugram,38,9,30.2
39,Male,M.Tech,Backend Developer,Bengaluru,54,17,54.9
32,Male,PhD,Product Manager,Kolkata,53,10,32.9
35,Male,B.E,Frontend Developer,Pune,47,13,34.5
48,Female,MCA,Software Engineer,Mumbai,51,26,73.6
34,Male,B.E,Engineering Manager,Kolkata,35,12,42.7
21,Male,MCA,Data Scientist,Hyderabad,54,0,16.2
36,Male,MBA,Engineering Manager,Chennai,52,14,54.8
42,Female,B.Tech,Backend Developer,Chennai,47,20,54.4
43,Female,PhD,Software Engineer,Gurugram,46,21,64.6
48,Male,MCA,Data Scientist,Noida,50,26,80.1
39,Male,M.Tech,QA Engineer,Kolkata,52,17,54.3
38,Male,PhD,Data Scientist,Kolkata,38,16,58.7
35,Male,M.Tech,Frontend Developer,Bengaluru,50,13,45.9
39,Male,M.Tech,Frontend Developer,Chennai,41,17,44.1
41,Female,B.Sc IT,Data Scientist,Chennai,47,19,55.5
50,Male,MBA,DevOps Engineer,Hyderabad,41,28,92.3
50,Male,B.E,Product Manager,Bengaluru,54,28,83.3
33,Male,M.Tech,Frontend Developer,Gurugram,43,11,33.4
50,Female,MBA,QA Engineer,Mumbai,47,28,80.2
49,Male,MCA,Engineering Manager,Pune,52,27,87.2
37,Male,B.Tech,DevOps Engineer,Kolkata,48,15,38.5
33,Male,MCA,Engineering Manager,Kolkata,43,11,41.6
25,Male,BCA,Product Manager,Hyderabad,39,3,13.7
24,Female,MBA,Backend Developer,Kolkata,53,2,11.2
24,Male,B.Tech,Data Scientist,Kolkata,36,2,17.9
37,Male,MBA,Software Engineer,Mumbai,35,15,53.9
34,Female,PhD,DevOps Engineer,Gurugram,35,12,41.6
39,Male,B.E,Cloud Architect,Hyderabad,44,17,73.5
29,Male,MBA,Data Scientist,Hyderabad,37,7,33.6
33,Female,B.E,Engineering Manager,Bengaluru,46,11,49.8
48,Female,MCA,Frontend Developer,Chennai,46,26,61.5
26,Male,B.Tech,Product Manager,Kolkata,47,4,14.3
35,Male,MBA,QA Engineer,Mumbai,54,13,48.8
50,Male,B.Sc IT,Software Engineer,Mumbai,35,28,75.8
36,Male,B.E,Security Engineer,Pune,53,14,44.8
48,Female,M.Tech,Fullstack Developer,Bengaluru,40,26,68.4
30,Female,PhD,Frontend Developer,Kolkata,45,8,30.6
24,Female,PhD,Data Scientist,Hyderabad,46,2,25.5
41,Female,MCA,Engineering Manager,Noida,49,19,59.3
25,Female,B.E,Software Engineer,Hyderabad,45,3,12.6
34,Female,MBA,DevOps Engineer,Gurugram,35,12,29.7
30,Female,BCA,DevOps Engineer,Hyderabad,36,8,28
50,Male,B.Tech,Frontend Developer,Mumbai,36,28,81.9
29,Male,MCA,Security Engineer,Pune,50,7,28.7
23,Female,BCA,Security Engineer,Hyderabad,44,1,17.1
47,Female,MCA,Software Engineer,Hyderabad,44,25,70.2
29,Female,MCA,Security Engineer,Chennai,43,7,29
25,Male,MBA,Product Manager,Bengaluru,40,3,19.1
50,Male,MBA,Cloud Architect,Chennai,48,28,90.2
29,Male,M.Tech,Engineering Manager,Bengaluru,54,7,47.7
36,Male,B.Tech,QA Engineer,Hyderabad,38,14,40.6
45,Male,M.Tech,Data Scientist,Mumbai,38,23,67.5
35,Male,MCA,Backend Developer,Noida,52,13,34.9
40,Male,MCA,Software Engineer,Bengaluru,47,18,52
27,Female,B.E,Security Engineer,Noida,52,5,20.4
21,Female,BCA,Product Manager,Pune,37,0,3.6
49,Female,PhD,Data Scientist,Chennai,46,27,89.4
29,Female,B.Sc IT,Data Scientist,Kolkata,54,7,29.4
49,Male,MCA,Cloud Architect,Pune,43,27,82
42,Male,B.E,Fullstack Developer,Chennai,43,20,47.8
28,Female,B.E,Fullstack Developer,Noida,49,6,16.3
26,Male,B.Sc IT,Backend Developer,Kolkata,42,4,13.1
24,Male,MCA,Cloud Architect,Kolkata,35,2,20.6
39,Female,B.Tech,Fullstack Developer,Pune,48,17,38.2
39,Female,BCA,Engineering Manager,Hyderabad,49,17,51.2
46,Male,MBA,DevOps Engineer,Bengaluru,48,24,73
27,Male,B.E,Software Engineer,Chennai,51,5,17
33,Male,MCA,Fullstack Developer,Kolkata,54,11,29.6
35,Female,M.Tech,Frontend Developer,Bengaluru,38,13,37.7
38,Female,PhD,Frontend Developer,Mumbai,48,16,53.3
24,Female,BCA,Security Engineer,Hyderabad,44,2,19.1
42,Male,MBA,QA Engineer,Pune,54,20,55.2
43,Female,MCA,DevOps Engineer,Bengaluru,35,21,46.8
49,Male,MCA,Engineering Manager,Bengaluru,42,27,94.1
23,Male,M.Tech,Software Engineer,Kolkata,41,1,10
37,Female,PhD,Backend Developer,Kolkata,46,15,39.1
37,Female,B.Tech,Backend Developer,Pune,48,15,33.6
39,Male,M.Tech,Product Manager,Pune,51,17,46.1
49,Male,M.Tech,QA Engineer,Pune,42,27,82.5
29,Male,PhD,Cloud Architect,Chennai,51,7,48.7
36,Male,MCA,Backend Developer,Mumbai,42,14,45.1
50,Male,BCA,Product Manager,Noida,41,28,81.5
46,Male,PhD,DevOps Engineer,Pune,38,24,66.4
34,Female,B.Tech,QA Engineer,Mumbai,48,12,29.8
30,Male,BCA,Software Engineer,Chennai,49,8,24.9
48,Male,B.E,QA Engineer,Bengaluru,36,26,83.9
24,Female,BCA,Frontend Developer,Hyderabad,48,2,12
32,Female,M.Tech,Product Manager,Chennai,37,10,31.4
48,Male,PhD,Software Engineer,Pune,49,26,74.2
26,Male,B.E,Cloud Architect,Noida,41,4,28.8
45,Male,PhD,Frontend Developer,Pune,46,23,60.2
25,Male,B.E,Engineering Manager,Gurugram,50,3,27.5
43,Male,BCA,Security Engineer,Mumbai,45,21,73.9
28,Male,PhD,Data Scientist,Bengaluru,45,6,36.8
25,Male,B.Tech,Product Manager,Pune,48,3,13
39,Male,MBA,Frontend Developer,Pune,43,17,49.4
35,Female,B.Sc IT,QA Engineer,Hyderabad,41,13,37.7
45,Male,B.E,Backend Developer,Pune,49,23,64.2
47,Female,M.Tech,Security Engineer,Mumbai,45,25,70.2
45,Male,MBA,Fullstack Developer,Noida,36,23,72.2
23,Male,MBA,Data Scientist,Pune,46,1,16.1
33,Female,MBA,DevOps Engineer,Chennai,39,11,28.9
42,Male,BCA,Data Scientist,Hyderabad,54,20,59.8
41,Male,M.Tech,Cloud Architect,Hyderabad,46,19,65.8
23,Male,BCA,Data Scientist,Kolkata,47,1,14.3
47,Female,PhD,Cloud Architect,Mumbai,50,25,80.7
37,Male,B.Tech,Product Manager,Gurugram,36,15,35.8
21,Male,BCA,Engineering Manager,Bengaluru,50,0,23.5
29,Male,B.E,Frontend Developer,Kolkata,45,7,22.1
28,Male,B.E,DevOps Engineer,Bengaluru,47,6,23.6
30,Female,M.Tech,Frontend Developer,Chennai,51,8,27.9
22,Male,PhD,Software Engineer,Noida,45,0,9.7
41,Female,BCA,DevOps Engineer,Mumbai,45,19,50.7
41,Male,MCA,Frontend Developer,Hyderabad,44,19,49.7
38,Male,B.Tech,Product Manager,Pune,54,16,39.6
39,Male,B.E,Backend Developer,Noida,42,17,39.7
22,Male,M.Tech,Backend Developer,Chennai,40,0,7.3
22,Male,BCA,Backend Developer,Kolkata,47,0,3.4
39,Male,MCA,Product Manager,Gurugram,50,17,48.2
37,Male,B.Sc IT,Cloud Architect,Pune,37,15,55
27,Male,BCA,Security Engineer,Pune,40,5,25.4
33,Female,B.Tech,Cloud Architect,Gurugram,43,11,42.5
33,Male,MBA,Product Manager,Bengaluru,46,11,35.8
50,Female,M.Tech,Software Engineer,Gurugram,38,28,64
32,Male,B.Sc IT,Product Manager,Gurugram,54,10,26.3
32,Female,MCA,Software Engineer,Pune,38,10,27.1
32,Male,PhD,Data Scientist,Noida,50,10,44.3
31,Female,MBA,Security Engineer,Pune,40,9,37.2
28,Male,B.Tech,DevOps Engineer,Gurugram,48,6,19.1
39,Male,MBA,Product Manager,Hyderabad,54,17,53.5
41,Female,MCA,Fullstack Developer,Gurugram,45,19,46.5
38,Female,B.E,Security Engineer,Mumbai,54,16,47.4
31,Female,M.Tech,Fullstack Developer,Bengaluru,47,9,31.3
37,Female,MCA,DevOps Engineer,Bengaluru,45,15,40.6
21,Male,BCA,Frontend Developer,Gurugram,44,0,4.4
44,Female,MCA,Data Scientist,Noida,38,22,66.3
21,Female,MBA,Cloud Architect,Noida,44,0,18.4
46,Male,M.Tech,Frontend Developer,Chennai,54,24,59
32,Female,PhD,Data Scientist,Noida,41,10,45.1
23,Male,PhD,DevOps Engineer,Chennai,46,1,14.2
28,Female,BCA,Data Scientist,Pune,47,6,25.6
37,Female,B.E,Frontend Developer,Gurugram,53,15,36.5
40,Male,MCA,Product Manager,Gurugram,48,18,49.5
21,Female,BCA,Product Manager,Kolkata,50,0,3.9
43,Female,PhD,Cloud Architect,Pune,35,21,77.9
35,Male,B.E,Backend Developer,Chennai,43,13,36.7
22,Male,MBA,Engineering Manager,Bengaluru,38,0,23.2
48,Male,M.Tech,Product Manager,Pune,44,26,79
26,Female,M.Tech,Software Engineer,Chennai,53,4,16.5
35,Male,MBA,Cloud Architect,Hyderabad,45,13,52.6
29,Male,PhD,Data Scientist,Mumbai,50,7,39.5
46,Female,MCA,QA Engineer,Kolkata,36,24,59.8
21,Male,B.E,Engineering Manager,Hyderabad,39,0,25.2
40,Male,MCA,Data Scientist,Pune,54,18,58.8
32,Male,PhD,Product Manager,Chennai,50,10,34.9
22,Female,MBA,Fullstack Developer,Kolkata,40,0,5.7
24,Male,MBA,Backend Developer,Mumbai,51,2,16.4
45,Male,MBA,QA Engineer,Gurugram,54,23,72.9
48,Female,MBA,Data Scientist,Pune,50,26,69.6
46,Male,MCA,Product Manager,Gurugram,37,24,57.1
28,Male,MCA,QA Engineer,Noida,50,6,21.1
23,Male,M.Tech,Engineering Manager,Pune,42,1,24.2
30,Male,B.Tech,Fullstack Developer,Hyderabad,53,8,26.7
48,Female,MCA,Engineering Manager,Gurugram,43,26,66.8
43,Male,PhD,Cloud Architect,Kolkata,45,21,69.9
27,Male,PhD,Frontend Developer,Mumbai,45,5,26.7
42,Female,B.E,Frontend Developer,Gurugram,40,20,53.6
31,Male,B.Tech,Fullstack Developer,Bengaluru,40,9,29.5
48,Male,B.Sc IT,Frontend Developer,Hyderabad,35,26,71.6
21,Male,MBA,Fullstack Developer,Bengaluru,51,0,9.6
28,Male,B.Tech,Software Engineer,Gurugram,39,6,16.3
28,Male,M.Tech,Cloud Architect,Gurugram,43,6,32.5
49,Female,B.E,Backend Developer,Kolkata,43,27,71
47,Male,B.Sc IT,Cloud Architect,Bengaluru,40,25,87.4
30,Male,PhD,Frontend Developer,Pune,40,8,31
31,Male,BCA,Frontend Developer,Chennai,46,9,29.7
29,Female,B.Sc IT,Cloud Architect,Noida,35,7,34
43,Male,BCA,Software Engineer,Kolkata,44,21,51.4
30,Female,BCA,QA Engineer,Mumbai,35,8,22
38,Male,MCA,Data Scientist,Kolkata,46,16,46.1
25,Female,BCA,Backend Developer,Gurugram,40,3,9.3
27,Male,BCA,Frontend Developer,Noida,52,5,17.7
50,Male,BCA,Engineering Manager,Bengaluru,38,28,91.8
26,Male,M.Tech,Frontend Developer,Bengaluru,48,4,23.9
42,Female,MCA,Fullstack Developer,Mumbai,45,20,57.7
25,Female,BCA,Backend Developer,Hyderabad,51,3,14.4
45,Male,MCA,Backend Developer,Kolkata,35,23,57.6
49,Male,B.Tech,Fullstack Developer,Bengaluru,52,27,80.8
49,Female,M.Tech,Engineering Manager,Pune,50,27,72.7
34,Male,M.Tech,QA Engineer,Pune,39,12,37.5
36,Male,B.E,Backend Developer,Bengaluru,38,14,43.1
22,Male,BCA,QA Engineer,Chennai,54,0,3.8
29,Male,M.Tech,QA Engineer,Gurugram,39,7,21.3
42,Male,B.E,Engineering Manager,Chennai,46,20,72.8
48,Male,PhD,Cloud Architect,Gurugram,49,26,83.3
42,Male,MCA,Software Engineer,Noida,39,20,61.1
32,Male,MBA,Data Scientist,Mumbai,52,10,38.8
32,Female,B.Tech,Engineering Manager,Bengaluru,37,10,48
35,Male,B.E,Fullstack Developer,Noida,42,13,33.5
32,Female,B.E,Data Scientist,Noida,40,10,28.7
48,Male,B.E,Engineering Manager,Chennai,41,26,77.5
34,Male,PhD,Cloud Architect,Pune,39,12,61.7
48,Male,B.Tech,Software Engineer,Noida,46,26,76.1
31,Male,B.E,Frontend Developer,Hyderabad,49,9,29.1
30,Male,BCA,Cloud Architect,Mumbai,50,8,42.4
23,Male,B.Sc IT,Fullstack Developer,Noida,35,1,7.4
22,Male,B.E,QA Engineer,Hyderabad,54,0,7.1
35,Male,MBA,Frontend Developer,Mumbai,43,13,41.8
37,Female,B.Tech,Software Engineer,Hyderabad,36,15,43.5
38,Female,BCA,Software Engineer,Noida,41,16,39.9
26,Female,PhD,QA Engineer,Pune,49,4,17
50,Female,BCA,Engineering Manager,Kolkata,38,28,84.9
41,Male,B.E,DevOps Engineer,Pune,52,19,58.9
37,Male,B.Tech,Engineering Manager,Mumbai,46,15,55
41,Male,M.Tech,Fullstack Developer,Bengaluru,38,19,52.2
36,Female,B.Sc IT,Product Manager,Hyderabad,39,14,42.2
31,Male,PhD,Cloud Architect,Gurugram,39,9,42.8
43,Male,M.Tech,Engineering Manager,Kolkata,42,21,73.4
24,Female,MCA,Fullstack Developer,Kolkata,35,2,8.7
23,Male,B.Tech,Engineering Manager,Kolkata,44,1,23.7
45,Male,B.Sc IT,Software Engineer,Chennai,54,23,55.4
29,Female,BCA,Security Engineer,Chennai,45,7,24.1
40,Male,B.Sc IT,Cloud Architect,Noida,54,18,68.4
22,Female,MCA,Frontend Developer,Gurugram,41,0,3.7
45,Male,M.Tech,Fullstack Developer,Gurugram,43,23,60.9
47,Male,B.Tech,Backend Developer,Noida,38,25,66.7
45,Female,MBA,Product Manager,Gurugram,41,23,56.8
30,Male,PhD,Fullstack Developer,Mumbai,48,8,30.8
39,Male,M.Tech,Security Engineer,Chennai,49,17,63.5
50,Female,M.Tech,QA Engineer,Kolkata,36,28,65.7
22,Female,MCA,Security Engineer,Noida,44,0,12
34,Male,MBA,Software Engineer,Kolkata,52,12,35.4
44,Male,BCA,Software Engineer,Kolkata,49,22,63
37,Male,M.Tech,DevOps Engineer,Pune,46,15,46.1
47,Female,B.Sc IT,Product Manager,Noida,40,25,53
30,Male,MCA,Cloud Architect,Hyderabad,42,8,37
48,Female,MBA,Frontend Developer,Bengaluru,42,26,70.5
23,Male,MCA,Data Scientist,Gurugram,48,1,15.5
44,Female,MCA,DevOps Engineer,Kolkata,44,22,49.7
25,Female,PhD,Engineering Manager,Hyderabad,40,3,29.4
34,Female,B.Sc IT,Fullstack Developer,Mumbai,52,12,34.5
38,Male,MCA,Backend Developer,Chennai,47,16,39.2
42,Male,BCA,Engineering Manager,Gurugram,53,20,74.5
29,Female,B.Sc IT,DevOps Engineer,Mumbai,54,7,22.5
25,Female,M.Tech,Frontend Developer,Gurugram,39,3,14.1
43,Female,B.E,Cloud Architect,Hyderabad,38,21,73.4
46,Female,PhD,Frontend Developer,Chennai,38,24,56.8
24,Male,B.Tech,Data Scientist,Mumbai,52,2,18.5
50,Male,B.Tech,Fullstack Developer,Kolkata,44,28,76.5
42,Female,B.Tech,Cloud Architect,Kolkata,38,20,63.3
22,Male,B.E,DevOps Engineer,Chennai,53,0,4.5
50,Male,BCA,Security Engineer,Mumbai,40,28,88.3
27,Male,MCA,Product Manager,Kolkata,54,5,14.4
25,Male,BCA,DevOps Engineer,Mumbai,45,3,16
27,Female,MCA,Data Scientist,Pune,53,5,20.7
48,Male,MBA,Software Engineer,Bengaluru,53,26,66.9
41,Male,B.Sc IT,QA Engineer,Kolkata,44,19,56
50,Male,M.Tech,Cloud Architect,Pune,42,28,88.5
21,Female,PhD,Frontend Developer,Bengaluru,36,0,14.7
36,Male,PhD,Backend Developer,Noida,36,14,46.4
47,Male,MBA,Fullstack Developer,Mumbai,46,25,83.9
27,Female,B.Tech,Product Manager,Gurugram,46,5,14.9
45,Male,MBA,DevOps Engineer,Hyderabad,43,23,63.9
30,Female,M.Tech,DevOps Engineer,Chennai,45,8,23.2
41,Female,BCA,Product Manager,Chennai,46,19,40.1
34,Male,M.Tech,Cloud Architect,Pune,53,12,53.4
31,Female,B.Sc IT,Engineering Manager,Kolkata,47,9,40.9
28,Male,MCA,Frontend Developer,Chennai,39,6,21.4
23,Female,MCA,DevOps Engineer,Hyderabad,50,1,8.8
29,Female,PhD,Cloud Architect,Bengaluru,47,7,39.9
41,Male,MBA,Cloud Architect,Noida,47,19,65.8
43,Female,MBA,Frontend Developer,Gurugram,38,21,47.3
31,Male,M.Tech,Product Manager,Pune,49,9,28.4
40,Female,B.Sc IT,Frontend Developer,Noida,46,18,46.9
34,Female,M.Tech,Fullstack Developer,Hyderabad,51,12,31.8
40,Male,BCA,QA Engineer,Noida,40,18,46.4
39,Male,MCA,Engineering Manager,Kolkata,54,17,57.7
33,Male,M.Tech,Software Engineer,Mumbai,54,11,37.7
45,Male,B.Tech,Data Scientist,Gurugram,46,23,60.4
39,Female,MBA,Cloud Architect,Mumbai,37,17,63.2
43,Male,PhD,Security Engineer,Chennai,42,21,76.5
29,Male,B.E,QA Engineer,Gurugram,39,7,19.2
26,Male,BCA,Engineering Manager,Gurugram,49,4,26.6
28,Female,MCA,Cloud Architect,Kolkata,49,6,27.1
45,Male,BCA,Frontend Developer,Hyderabad,45,23,68.5
37,Male,B.Sc IT,Fullstack Developer,Kolkata,50,15,45.6
26,Male,MCA,Engineering Manager,Mumbai,37,4,37.5
29,Female,B.E,Security Engineer,Chennai,47,7,30.3
39,Female,MCA,Fullstack Developer,Mumbai,52,17,39.1
40,Female,B.Tech,QA Engineer,Mumbai,35,18,46.5
47,Male,B.Sc IT,Engineering Manager,Kolkata,50,25,81.9
37,Female,B.E,Security Engineer,Gurugram,52,15,43.4
31,Female,MBA,DevOps Engineer,Mumbai,54,9,28.7
25,Female,MBA,Security Engineer,Chennai,36,3,22.5
50,Male,B.E,Data Scientist,Gurugram,35,28,93
43,Female,B.Tech,Fullstack Developer,Noida,46,21,47.3
24,Female,PhD,Product Manager,Mumbai,53,2,15.5
37,Female,MCA,Cloud Architect,Hyderabad,46,15,60.2
43,Female,B.E,Cloud Architect,Chennai,50,21,69.1
33,Female,B.E,Cloud Architect,Bengaluru,35,11,46
48,Male,B.E,Product Manager,Kolkata,47,26,67.2
33,Male,PhD,Data Scientist,Chennai,52,11,45.6
32,Female,M.Tech,Fullstack Developer,Mumbai,37,10,34.2
46,Male,B.E,Product Manager,Gurugram,45,24,66.8
26,Male,B.E,Cloud Architect,Mumbai,43,4,28.8
24,Male,M.Tech,Backend Developer,Hyderabad,53,2,16.8
46,Male,BCA,Software Engineer,Pune,50,24,58.4
22,Male,MBA,Engineering Manager,Chennai,43,0,22.7
22,Male,B.Tech,DevOps Engineer,Kolkata,39,0,3.9
45,Male,B.Sc IT,Frontend Developer,Noida,35,23,62.9
30,Male,M.Tech,Data Scientist,Chennai,53,8,31.4
22,Male,BCA,QA Engineer,Noida,49,0,4.5
40,Female,B.Sc IT,QA Engineer,Hyderabad,37,18,46.3
44,Female,MCA,Security Engineer,Kolkata,46,22,63.8
47,Female,B.Sc IT,Product Manager,Kolkata,51,25,59.9
43,Female,MBA,Backend Developer,Pune,45,21,57.3
21,Male,PhD,Fullstack Developer,Kolkata,49,0,11.1
28,Female,PhD,Cloud Architect,Chennai,54,6,41
33,Female,PhD,Engineering Manager,Noida,44,11,47
25,Female,BCA,Software Engineer,Bengaluru,43,3,14.3
39,Male,M.Tech,Cloud Architect,Gurugram,45,17,58.3
30,Male,PhD,Cloud Architect,Hyderabad,51,8,51.8
50,Female,MCA,Security Engineer,Chennai,50,28,65.3
35,Female,MBA,Engineering Manager,Chennai,51,13,49.5
46,Female,B.Tech,Cloud Architect,Mumbai,38,24,66.8
43,Male,B.Tech,Engineering Manager,Pune,37,21,71.5
43,Female,B.Sc IT,Security Engineer,Pune,47,21,65.6
47,Male,B.E,Fullstack Developer,Chennai,52,25,70.4
30,Female,B.E,Engineering Manager,Mumbai,41,8,39.9
33,Female,PhD,Software Engineer,Gurugram,40,11,33.1
39,Male,MBA,Cloud Architect,Chennai,38,17,61.3
45,Female,B.E,Data Scientist,Mumbai,48,23,58.4
32,Female,BCA,DevOps Engineer,Bengaluru,41,10,33.4
24,Female,B.Sc IT,Security Engineer,Pune,45,2,15.2
30,Male,M.Tech,Engineering Manager,Chennai,49,8,37.5
41,Male,PhD,Data Scientist,Bengaluru,47,19,80.9
34,Male,B.Tech,Software Engineer,Hyderabad,44,12,40.7
27,Female,BCA,Backend Developer,Pune,43,5,12.7
31,Male,B.E,Security Engineer,Bengaluru,43,9,40.3
33,Male,B.E,Security Engineer,Bengaluru,35,11,37.3
38,Male,M.Tech,Engineering Manager,Kolkata,43,16,69.1
36,Male,M.Tech,Software Engineer,Pune,51,14,39
41,Female,BCA,Backend Developer,Hyderabad,48,19,52.5
34,Male,B.Tech,Cloud Architect,Noida,35,12,54.8
35,Female,MBA,DevOps Engineer,Hyderabad,52,13,38.7
42,Female,B.E,Software Engineer,Bengaluru,41,20,46.7
45,Male,BCA,Software Engineer,Noida,41,23,58.6
23,Male,PhD,Security Engineer,Bengaluru,42,1,25.8
43,Female,MCA,Product Manager,Noida,38,21,53.4
24,Female,PhD,Engineering Manager,Hyderabad,51,2,34
48,Male,PhD,DevOps Engineer,Mumbai,45,26,75.7
38,Male,B.Tech,Cloud Architect,Hyderabad,50,16,65.6
21,Male,M.Tech,Fullstack Developer,Kolkata,52,0,7.7
23,Female,B.E,Fullstack Developer,Kolkata,47,1,6.6
22,Female,MBA,Security Engineer,Gurugram,47,0,11.5
48,Female,B.Tech,Frontend Developer,Pune,44,26,68.5
37,Male,M.Tech,DevOps Engineer,Pune,47,15,46.7
49,Male,M.Tech,Product Manager,Noida,36,27,74.3
44,Male,M.Tech,QA Engineer,Gurugram,51,22,64.3
33,Female,B.E,Security Engineer,Kolkata,49,11,35.4
33,Male,MCA,Product Manager,Noida,52,11,29.8
42,Male,BCA,Fullstack Developer,Mumbai,40,20,58.1
34,Female,MBA,Engineering Manager,Gurugram,53,12,42.3
38,Female,M.Tech,Software Engineer,Hyderabad,38,16,46.5
39,Female,MBA,Software Engineer,Gurugram,41,17,46.2
44,Male,PhD,Backend Developer,Gurugram,54,22,69.2
24,Female,MBA,Data Scientist,Bengaluru,38,2,19.6
26,Female,M.Tech,Frontend Developer,Bengaluru,41,4,17.8
25,Female,B.Tech,Data Scientist,Mumbai,50,3,23.3
23,Male,BCA,Software Engineer,Chennai,53,1,7.1
22,Male,MBA,QA Engineer,Hyderabad,47,0,9.5
22,Female,B.Tech,Cloud Architect,Chennai,37,0,17
41,Male,MBA,DevOps Engineer,Chennai,41,19,55.9
49,Male,B.Sc IT,Engineering Manager,Bengaluru,46,27,103.5
35,Male,B.Tech,DevOps Engineer,Noida,38,13,41
28,Female,B.Tech,Software Engineer,Gurugram,41,6,14.8
43,Male,BCA,Data Scientist,Gurugram,48,21,70.1
21,Male,B.Sc IT,Fullstack Developer,Pune,42,0,4
41,Female,M.Tech,Fullstack Developer,Kolkata,46,19,51.6
41,Male,M.Tech,Backend Developer,Mumbai,51,19,65.5
48,Female,B.Tech,Security Engineer,Bengaluru,38,26,72.3
38,Male,B.Tech,Frontend Developer,Gurugram,52,16,41.1
37,Male,PhD,Fullstack Developer,Hyderabad,52,15,56.6
49,Male,B.Tech,Frontend Developer,Hyderabad,53,27,75.2
28,Male,B.Sc IT,Backend Developer,Mumbai,40,6,19.8
39,Male,MCA,Security Engineer,Bengaluru,42,17,66
42,Female,B.Sc IT,Software Engineer,Hyderabad,47,20,57.2
46,Female,B.Tech,Backend Developer,Bengaluru,40,24,61.5
47,Female,PhD,Software Engineer,Hyderabad,47,25,62.8
27,Male,B.Sc IT,Engineering Manager,Gurugram,37,5,31
28,Male,B.E,Engineering Manager,Pune,35,6,32.4
42,Female,MBA,Cloud Architect,Noida,48,20,63.9
43,Male,MCA,Data Scientist,Kolkata,38,21,59.2
40,Female,B.Tech,Product Manager,Bengaluru,43,18,53.4
40,Male,PhD,DevOps Engineer,Hyderabad,44,18,57.9
45,Female,B.Tech,Cloud Architect,Kolkata,40,23,78.1
24,Male,PhD,Software Engineer,Pune,47,2,13.8
45,Male,MCA,Engineering Manager,Pune,53,23,86
29,Female,BCA,QA Engineer,Bengaluru,43,7,22.2
29,Male,MCA,Fullstack Developer,Hyderabad,38,7,25
49,Female,B.Sc IT,Software Engineer,Pune,40,27,73.9
48,Male,MCA,Fullstack Developer,Gurugram,41,26,67
23,Male,B.Tech,Fullstack Developer,Chennai,54,1,6
30,Male,MCA,Frontend Developer,Noida,45,8,25.1
24,Male,B.Tech,Engineering Manager,Hyderabad,48,2,24.1
42,Female,B.E,Software Engineer,Mumbai,54,20,56.4
21,Male,MCA,Fullstack Developer,Kolkata,52,0,4.1
47,Male,MBA,Security Engineer,Gurugram,42,25,76.4
38,Female,M.Tech,Data Scientist,Mumbai,51,16,59.3
46,Female,MBA,Data Scientist,Mumbai,37,24,61.1
44,Male,B.Tech,Fullstack Developer,Gurugram,38,22,64.2
40,Male,M.Tech,Cloud Architect,Bengaluru,45,18,70.6
34,Male,B.Tech,Product Manager,Bengaluru,45,12,35.7
39,Male,MCA,Frontend Developer,Pune,49,17,43.8
35,Male,MBA,Product Manager,Mumbai,46,13,38.3
37,Male,MBA,Product Manager,Bengaluru,37,15,53.5
42,Female,MCA,Backend Developer,Pune,39,20,44.9
33,Male,PhD,Data Scientist,Gurugram,49,11,44.8
46,Female,M.Tech,Cloud Architect,Gurugram,48,24,69.5
39,Female,M.Tech,QA Engineer,Pune,54,17,38.7
41,Male,PhD,Frontend Developer,Pune,42,19,50.1
41,Female,B.Tech,Product Manager,Mumbai,43,19,50.5
22,Male,B.Sc IT,DevOps Engineer,Mumbai,38,0,8.3
33,Female,B.Sc IT,DevOps Engineer,Chennai,35,11,29.3
39,Male,B.Tech,Software Engineer,Hyderabad,41,17,44.5
33,Male,B.Tech,Fullstack Developer,Hyderabad,43,11,36.2
23,Female,M.Tech,Cloud Architect,Bengaluru,48,1,29.4
25,Female,M.Tech,DevOps Engineer,Bengaluru,48,3,17.3
34,Male,MBA,Engineering Manager,Bengaluru,42,12,54.7
27,Male,BCA,Frontend Developer,Hyderabad,42,5,19.4
39,Male,MBA,Cloud Architect,Mumbai,43,17,65
30,Female,MCA,Security Engineer,Pune,53,8,32.4
40,Female,BCA,QA Engineer,Gurugram,47,18,49.5
29,Male,MBA,Backend Developer,Hyderabad,48,7,24.5
32,Female,BCA,Fullstack Developer,Gurugram,38,10,28
34,Male,B.Tech,Product Manager,Mumbai,46,12,42.2
33,Male,MBA,QA Engineer,Noida,45,11,29.8
24,Female,BCA,QA Engineer,Chennai,51,2,7
33,Female,MBA,Software Engineer,Hyderabad,49,11,37.2
25,Female,MCA,Product Manager,Chennai,40,3,10.9
31,Female,B.Sc IT,Security Engineer,Chennai,39,9,29.2
27,Male,M.Tech,Frontend Developer,Bengaluru,52,5,20.1
38,Male,B.Tech,Frontend Developer,Bengaluru,41,16,52.5
21,Male,MBA,Frontend Developer,Chennai,50,0,7.9
21,Female,B.Tech,Software Engineer,Hyderabad,36,0,6.7
48,Female,B.E,Cloud Architect,Gurugram,50,26,71.4
21,Male,MCA,DevOps Engineer,Bengaluru,50,0,7.4
36,Female,BCA,Product Manager,Mumbai,51,14,36.3
30,Female,B.Sc IT,DevOps Engineer,Bengaluru,50,8,26.8
47,Male,MBA,Frontend Developer,Chennai,43,25,72.2
36,Female,MBA,Fullstack Developer,Kolkata,42,14,41.3
38,Female,B.Sc IT,Security Engineer,Pune,48,16,46.2
26,Female,M.Tech,DevOps Engineer,Hyderabad,50,4,16.3
38,Male,B.Tech,Software Engineer,Bengaluru,36,16,41.2
44,Male,PhD,Frontend Developer,Noida,44,22,63.9
43,Female,PhD,Engineering Manager,Mumbai,52,21,65.8
42,Female,PhD,Engineering Manager,Pune,41,20,63.5
50,Male,BCA,Product Manager,Gurugram,50,28,67.8
45,Female,M.Tech,Frontend Developer,Pune,52,23,55.9
30,Female,B.Tech,Cloud Architect,Noida,45,8,33.9
22,Male,MBA,Cloud Architect,Mumbai,50,0,23.7
21,Female,MCA,Security Engineer,Kolkata,47,0,11.7
31,Male,BCA,Product Manager,Chennai,41,9,28.9
38,Male,B.Tech,Data Scientist,Pune,53,16,51.4
33,Male,BCA,DevOps Engineer,Kolkata,36,11,35.9
37,Male,MCA,QA Engineer,Noida,37,15,44.1
37,Male,MCA,Frontend Developer,Pune,49,15,36.6
35,Female,MBA,DevOps Engineer,Chennai,42,13,31.8
26,Female,MCA,DevOps Engineer,Chennai,48,4,12.1
36,Male,B.E,Backend Developer,Hyderabad,35,14,37.3
22,Female,B.Tech,Security Engineer,Chennai,44,0,10.2
45,Male,MBA,Backend Developer,Hyderabad,52,23,70
39,Male,B.Tech,Frontend Developer,Mumbai,39,17,44
28,Male,MCA,Security Engineer,Noida,50,6,23.7
33,Male,PhD,QA Engineer,Bengaluru,48,11,36.9
32,Male,MBA,Engineering Manager,Chennai,51,10,47.6
21,Male,BCA,Backend Developer,Hyderabad,42,0,7.2
36,Male,M.Tech,Backend Developer,Pune,42,14,43.6
24,Male,PhD,QA Engineer,Pune,47,2,16.7
37,Male,MCA,Cloud Architect,Pune,46,15,53.4
24,Female,MBA,QA Engineer,Chennai,36,2,10.4
42,Female,M.Tech,Fullstack Developer,Bengaluru,46,20,54.8
28,Female,B.E,Software Engineer,Pune,44,6,18.6
46,Female,B.Sc IT,Engineering Manager,Bengaluru,38,24,63.9
25,Male,B.E,Software Engineer,Kolkata,48,3,12.1
50,Male,MBA,Backend Developer,Mumbai,39,28,70.4
38,Male,B.E,DevOps Engineer,Hyderabad,36,16,42.7
34,Male,MBA,Software Engineer,Hyderabad,44,12,34.9
50,Female,MCA,Security Engineer,Mumbai,49,28,75.3
39,Female,B.Sc IT,QA Engineer,Kolkata,47,17,46.4
31,Male,B.E,Cloud Architect,Bengaluru,39,9,38.8
28,Male,B.E,Software Engineer,Pune,47,6,18.9
42,Male,BCA,DevOps Engineer,Pune,36,20,54
48,Male,B.E,Software Engineer,Kolkata,53,26,61.1
40,Male,B.Tech,Cloud Architect,Chennai,50,18,71.4
42,Female,PhD,DevOps Engineer,Mumbai,40,20,53.5
34,Female,B.E,Backend Developer,Chennai,48,12,33.7
32,Female,MBA,Security Engineer,Hyderabad,38,10,39.3
30,Male,B.Sc IT,Frontend Developer,Noida,50,8,27.1
26,Female,B.E,Fullstack Developer,Gurugram,43,4,13.8
30,Female,MCA,Data Scientist,Noida,48,8,31.1
46,Male,MBA,Frontend Developer,Mumbai,37,24,81.1
28,Male,B.E,Backend Developer,Hyderabad,36,6,25.3
32,Female,B.Tech,QA Engineer,Bengaluru,40,10,25.4
34,Female,B.Tech,Product Manager,Gurugram,40,12,33.1
29,Female,MBA,Frontend Developer,Kolkata,40,7,19.1
27,Male,MBA,Data Scientist,Kolkata,44,5,30
29,Female,MBA,Fullstack Developer,Hyderabad,39,7,22.4
29,Female,B.E,DevOps Engineer,Pune,48,7,21.6
36,Male,B.E,Security Engineer,Mumbai,50,14,57
28,Female,B.E,Data Scientist,Chennai,48,6,21.8
33,Female,M.Tech,Cloud Architect,Kolkata,52,11,42.4
23,Male,BCA,Engineering Manager,Kolkata,54,1,18.4
29,Male,MCA,Fullstack Developer,Kolkata,47,7,20
39,Male,MCA,Data Scientist,Noida,52,17,48.7
25,Female,M.Tech,Security Engineer,Noida,51,3,20.9
48,Female,B.E,Cloud Architect,Bengaluru,35,26,83.1
47,Male,M.Tech,Security Engineer,Gurugram,35,25,86
40,Male,M.Tech,DevOps Engineer,Bengaluru,36,18,61.5
40,Male,B.E,DevOps Engineer,Mumbai,49,18,50.8
49,Male,MBA,Backend Developer,Bengaluru,36,27,80.8
43,Male,BCA,Frontend Developer,Gurugram,53,21,59
38,Male,M.Tech,Product Manager,Hyderabad,36,16,43.8
40,Male,M.Tech,Fullstack Developer,Mumbai,54,18,48.3
45,Male,B.Tech,Data Scientist,Mumbai,50,23,72.2
47,Male,M.Tech,Engineering Manager,Gurugram,51,25,78.2
24,Female,BCA,Cloud Architect,Chennai,38,2,24.2
35,Female,B.Sc IT,Cloud Architect,Chennai,51,13,48
43,Male,BCA,Engineering Manager,Chennai,46,21,75.5
39,Male,PhD,Cloud Architect,Mumbai,48,17,64.2
43,Male,B.Sc IT,DevOps Engineer,Chennai,53,21,61.4
40,Female,M.Tech,Engineering Manager,Bengaluru,53,18,57.7
49,Male,BCA,Cloud Architect,Chennai,37,27,91.3
36,Male,M.Tech,Software Engineer,Hyderabad,48,14,42
33,Male,BCA,Data Scientist,Mumbai,48,11,38.5
36,Female,B.Tech,Software Engineer,Mumbai,50,14,36.7
29,Female,B.Sc IT,Data Scientist,Kolkata,54,7,29.5
43,Male,B.E,Frontend Developer,Chennai,38,21,52.9
42,Female,B.Sc IT,Fullstack Developer,Mumbai,46,20,50.7
41,Female,B.Sc IT,Backend Developer,Gurugram,44,19,50.2
37,Female,B.E,Fullstack Developer,Pune,50,15,37.4
35,Female,B.Tech,DevOps Engineer,Mumbai,39,13,33.4
27,Male,B.E,Security Engineer,Hyderabad,45,5,24.8
39,Female,B.E,Security Engineer,Noida,41,17,45.9
24,Female,M.Tech,Cloud Architect,Hyderabad,53,2,29.3
32,Female,B.E,Engineering Manager,Hyderabad,40,10,48.6
45,Male,B.E,QA Engineer,Mumbai,45,23,73.7
50,Male,BCA,Fullstack Developer,Noida,39,28,81.8
45,Female,PhD,Frontend Developer,Chennai,53,23,60.5
49,Female,B.Sc IT,QA Engineer,Pune,39,27,62.2
41,Female,B.E,Security Engineer,Noida,39,19,53.5
47,Male,B.Sc IT,Security Engineer,Mumbai,37,25,81.1
21,Male,MBA,Product Manager,Noida,35,0,6.1
36,Male,MCA,Engineering Manager,Kolkata,45,14,48.9
47,Male,MBA,QA Engineer,Pune,48,25,73.8
21,Female,MCA,Frontend Developer,Bengaluru,39,0,6.3
35,Female,B.E,Product Manager,Pune,50,13,33.2
39,Female,MBA,Data Scientist,Gurugram,53,17,44
39,Male,MBA,Frontend Developer,Chennai,44,17,45.1
46,Female,BCA,Engineering Manager,Gurugram,51,24,77.1
43,Female,B.E,QA Engineer,Gurugram,52,21,47.2
31,Male,B.Tech,Fullstack Developer,Gurugram,37,9,23.3
23,Female,B.Sc IT,Backend Developer,Bengaluru,54,1,10.2
26,Female,BCA,Engineering Manager,Kolkata,46,4,26.4
29,Male,PhD,Software Engineer,Mumbai,50,7,33.4
47,Female,BCA,Frontend Developer,Chennai,54,25,54.8
48,Male,MCA,Fullstack Developer,Noida,41,26,64.6
39,Female,B.Tech,QA Engineer,Bengaluru,47,17,52
48,Female,B.E,Cloud Architect,Mumbai,50,26,78
36,Female,MBA,Backend Developer,Noida,44,14,33.3
22,Male,BCA,Engineering Manager,Pune,40,0,19.5
25,Female,BCA,Backend Developer,Chennai,44,3,10
26,Male,B.Sc IT,QA Engineer,Gurugram,54,4,14.8
39,Male,M.Tech,Engineering Manager,Mumbai,41,17,68.5
21,Female,MBA,Security Engineer,Mumbai,50,0,17.5
33,Female,PhD,Product Manager,Pune,46,11,32.7
37,Male,BCA,Backend Developer,Pune,46,15,46.1
23,Female,B.E,Backend Developer,Bengaluru,42,1,10.8
50,Male,MBA,Data Scientist,Mumbai,41,28,88.3
43,Male,B.Tech,Data Scientist,Mumbai,46,21,63
21,Male,MBA,QA Engineer,Gurugram,36,0,6.4
42,Female,PhD,Backend Developer,Gurugram,43,20,47.8
21,Male,MCA,Product Manager,Pune,37,0,4.3
27,Male,MCA,Frontend Developer,Chennai,52,5,16.7
30,Male,MBA,Software Engineer,Mumbai,44,8,26.8
42,Female,PhD,Software Engineer,Bengaluru,38,20,63
37,Female,B.E,QA Engineer,Hyderabad,42,15,46.5
34,Male,PhD,Security Engineer,Pune,53,12,46.2
36,Male,B.Tech,Data Scientist,Chennai,35,14,50.5
48,Male,B.E,Engineering Manager,Gurugram,53,26,87.9
29,Male,BCA,Software Engineer,Kolkata,40,7,21.8
29,Male,PhD,Software Engineer,Gurugram,53,7,24.3
22,Male,BCA,Software Engineer,Chennai,35,0,3.7
25,Female,MCA,Fullstack Developer,Bengaluru,41,3,15.5
46,Male,BCA,Software Engineer,Kolkata,35,24,72
27,Male,B.Sc IT,Data Scientist,Pune,47,5,21.8
36,Male,BCA,Backend Developer,Kolkata,49,14,33.7
37,Male,MBA,Security Engineer,Chennai,43,15,47.7
27,Female,MBA,Frontend Developer,Kolkata,50,5,18.5
27,Male,MBA,Fullstack Developer,Kolkata,52,5,20
36,Male,MCA,Software Engineer,Kolkata,44,14,41
29,Female,B.Sc IT,DevOps Engineer,Chennai,50,7,21
22,Female,BCA,Backend Developer,Hyderabad,49,0,7
35,Female,MBA,Engineering Manager,Gurugram,54,13,53.3
22,Male,PhD,Software Engineer,Pune,43,0,11.7
25,Male,PhD,Software Engineer,Gurugram,53,3,18.9
43,Male,PhD,Cloud Architect,Kolkata,50,21,73.7
24,Male,B.Sc IT,Data Scientist,Bengaluru,54,2,18.6
45,Male,PhD,Security Engineer,Gurugram,37,23,87.6
29,Male,M.Tech,Security Engineer,Bengaluru,47,7,40.8
36,Female,BCA,Cloud Architect,Pune,41,14,41.9
46,Female,MBA,Engineering Manager,Pune,35,24,78.4
44,Male,BCA,Backend Developer,Hyderabad,39,22,62.7
21,Male,MBA,QA Engineer,Bengaluru,48,0,12.2
47,Female,PhD,Product Manager,Hyderabad,51,25,66.1
35,Female,B.Sc IT,Security Engineer,Noida,48,13,34.2
48,Male,B.E,QA Engineer,Bengaluru,35,26,78.3
43,Male,BCA,Backend Developer,Noida,43,21,51.9
39,Male,BCA,Security Engineer,Hyderabad,41,17,49.8
34,Female,PhD,Frontend Developer,Bengaluru,52,12,43.9
25,Male,MCA,Engineering Manager,Gurugram,35,3,30
32,Female,MBA,Fullstack Developer,Kolkata,45,10,28.3
44,Male,MCA,Cloud Architect,Pune,40,22,72.2
36,Male,BCA,QA Engineer,Gurugram,53,14,37
35,Male,PhD,DevOps Engineer,Noida,38,13,45.4
40,Male,PhD,Fullstack Developer,Gurugram,43,18,57
36,Male,MCA,DevOps Engineer,Mumbai,51,14,41.8
36,Male,BCA,Software Engineer,Pune,38,14,37.7
34,Male,M.Tech,Data Scientist,Bengaluru,46,12,51.7
34,Male,M.Tech,QA Engineer,Kolkata,47,12,33.6
36,Female,B.Tech,Backend Developer,Gurugram,43,14,39.3
37,Male,PhD,DevOps Engineer,Noida,50,15,53.5
48,Male,B.E,Frontend Developer,Chennai,39,26,61.7
38,Female,MCA,Software Engineer,Hyderabad,51,16,46.3
37,Male,MBA,Engineering Manager,Pune,54,15,51
33,Male,MBA,Security Engineer,Kolkata,40,11,43.4
22,Male,BCA,Security Engineer,Noida,50,0,11.9
41,Male,B.Tech,Fullstack Developer,Bengaluru,53,19,55.8
42,Male,BCA,Security Engineer,Bengaluru,44,20,65.9
44,Male,MCA,Fullstack Developer,Chennai,54,22,59.4
43,Male,B.E,Product Manager,Noida,49,21,56.4
29,Female,PhD,Engineering Manager,Noida,36,7,39.2
46,Female,MBA,Backend Developer,Mumbai,36,24,64.1
41,Female,MBA,DevOps Engineer,Bengaluru,42,19,46.1
49,Female,B.Sc IT,Cloud Architect,Hyderabad,52,27,77.7
49,Male,MBA,Data Scientist,Noida,48,27,84
40,Male,B.Sc IT,DevOps Engineer,Mumbai,45,18,52.4
42,Female,MBA,Frontend Developer,Gurugram,36,20,47.9
30,Male,PhD,Software Engineer,Mumbai,47,8,31.8
37,Male,MCA,Software Engineer,Mumbai,44,15,41.7
34,Female,MBA,Product Manager,Pune,39,12,36.7
48,Male,B.Sc IT,Security Engineer,Gurugram,35,26,86.6
40,Female,M.Tech,Security Engineer,Kolkata,46,18,60.3
22,Male,B.Tech,Security Engineer,Bengaluru,38,0,14.4
43,Male,BCA,DevOps Engineer,Bengaluru,48,21,67.5
23,Male,BCA,Software Engineer,Mumbai,42,1,11.1
22,Female,PhD,Backend Developer,Kolkata,42,0,10.6
21,Male,MBA,Product Manager,Bengaluru,39,0,11.1
41,Male,PhD,Fullstack Developer,Noida,47,19,65.7
42,Female,MCA,Frontend Developer,Bengaluru,40,20,45.1
27,Male,MCA,Engineering Manager,Mumbai,46,5,36.2
49,Female,MBA,Cloud Architect,Kolkata,50,27,89.6
37,Male,BCA,Software Engineer,Bengaluru,42,15,51
45,Male,MCA,Backend Developer,Chennai,46,23,57.9
32,Female,MBA,Engineering Manager,Gurugram,48,10,42.5
23,Female,B.E,Software Engineer,Chennai,47,1,5.1
30,Male,B.Tech,Security Engineer,Bengaluru,35,8,37
35,Male,B.Sc IT,Backend Developer,Bengaluru,52,13,40
25,Male,M.Tech,Frontend Developer,Mumbai,43,3,19.6
23,Female,M.Tech,Cloud Architect,Hyderabad,53,1,27.6
50,Female,B.Tech,Cloud Architect,Kolkata,52,28,74
24,Female,BCA,Software Engineer,Chennai,51,2,7.2
24,Female,B.Sc IT,QA Engineer,Gurugram,45,2,9.2
25,Male,MBA,Product Manager,Chennai,47,3,16.7
26,Male,PhD,Data Scientist,Pune,45,4,32.1
23,Male,M.Tech,Fullstack Developer,Hyderabad,45,1,15.4
29,Male,PhD,DevOps Engineer,Kolkata,44,7,31.3
45,Female,MCA,DevOps Engineer,Pune,43,23,58.9
45,Female,PhD,DevOps Engineer,Mumbai,37,23,58.1
31,Male,B.E,Frontend Developer,Hyderabad,46,9,29.7
33,Male,M.Tech,Cloud Architect,Chennai,36,11,44.3
26,Male,MCA,Product Manager,Noida,54,4,13.9
33,Male,B.E,Data Scientist,Pune,43,11,36.1
32,Female,MBA,Product Manager,Hyderabad,54,10,33
28,Male,PhD,Engineering Manager,Kolkata,37,6,41.2
24,Male,BCA,Cloud Architect,Bengaluru,44,2,28.5
39,Male,B.Tech,QA Engineer,Hyderabad,48,17,45.9
43,Male,M.Tech,Engineering Manager,Chennai,47,21,67.4
29,Female,B.E,Backend Developer,Chennai,37,7,20.3
49,Female,M.Tech,QA Engineer,Mumbai,54,27,60.4
28,Male,B.Tech,Software Engineer,Chennai,51,6,17
21,Female,B.Sc IT,QA Engineer,Bengaluru,46,0,7.9
46,Female,B.Tech,Software Engineer,Pune,53,24,51.8
45,Male,MBA,QA Engineer,Hyderabad,36,23,65.2
21,Female,B.E,Fullstack Developer,Mumbai,39,0,8.3
50,Male,BCA,Data Scientist,Mumbai,43,28,96.5
29,Female,B.E,Engineering Manager,Kolkata,42,7,31.9
37,Male,MBA,DevOps Engineer,Chennai,52,15,46.6
35,Male,MCA,Frontend Developer,Pune,42,13,34.1
39,Male,B.Tech,Frontend Developer,Chennai,35,17,40.8
40,Male,PhD,Security Engineer,Bengaluru,49,18,66.3
42,Female,BCA,DevOps Engineer,Kolkata,47,20,46.7
44,Male,PhD,Data Scientist,Chennai,53,22,74.1
46,Male,MCA,Engineering Manager,Noida,48,24,79.8
30,Female,B.E,QA Engineer,Kolkata,44,8,21.7
22,Female,B.E,DevOps Engineer,Gurugram,54,0,3.8
22,Male,BCA,Backend Developer,Mumbai,53,0,8.3
49,Male,B.E,QA Engineer,Gurugram,40,27,63.2
45,Male,B.E,DevOps Engineer,Pune,40,23,53.9
29,Male,PhD,Engineering Manager,Noida,36,7,46.1
30,Male,B.Sc IT,QA Engineer,Hyderabad,50,8,25
34,Male,MCA,Security Engineer,Bengaluru,35,12,44.5
23,Male,MBA,Data Scientist,Chennai,47,1,18.5
33,Male,B.Sc IT,Product Manager,Gurugram,49,11,27.8
23,Female,B.Tech,Frontend Developer,Chennai,44,1,6.1
40,Male,MCA,Engineering Manager,Hyderabad,40,18,73.9
37,Male,B.E,Data Scientist,Hyderabad,48,15,56.5
34,Male,MBA,QA Engineer,Noida,36,12,31.9
37,Male,MCA,Backend Developer,Noida,45,15,44.6
22,Female,PhD,Security Engineer,Noida,51,0,15.6
49,Male,BCA,Software Engineer,Pune,37,27,72.6
31,Male,M.Tech,Cloud Architect,Kolkata,38,9,42.8
27,Male,B.E,Data Scientist,Hyderabad,49,5,30.5
33,Male,BCA,QA Engineer,Chennai,44,11,29
33,Male,MCA,Product Manager,Hyderabad,52,11,33.3
41,Male,PhD,Security Engineer,Kolkata,50,19,72.9
35,Male,B.Tech,Backend Developer,Gurugram,40,13,32.8
37,Female,B.E,Product Manager,Bengaluru,35,15,43
41,Male,MBA,Frontend Developer,Bengaluru,54,19,64.7
46,Male,PhD,QA Engineer,Pune,51,24,77.8
28,Male,MCA,DevOps Engineer,Hyderabad,52,6,19.8
23,Male,BCA,Backend Developer,Gurugram,44,1,7.2
44,Female,B.Tech,Fullstack Developer,Pune,49,22,54.4
26,Male,B.E,Data Scientist,Gurugram,49,4,22.5
37,Female,B.Tech,Frontend Developer,Gurugram,46,15,37.8
36,Male,MCA,Software Engineer,Pune,53,14,41
50,Female,B.Sc IT,Backend Developer,Hyderabad,37,28,71.6
31,Male,B.E,Software Engineer,Mumbai,44,9,33.1
21,Male,MCA,Software Engineer,Chennai,36,0,4.3
22,Female,PhD,Engineering Manager,Hyderabad,47,0,23.6
50,Female,B.E,Product Manager,Gurugram,43,28,64.5
24,Male,PhD,Backend Developer,Kolkata,36,2,15.4
21,Female,MCA,Data Scientist,Pune,52,0,10.4
46,Male,B.Sc IT,Engineering Manager,Gurugram,40,24,75.2
46,Male,MBA,Fullstack Developer,Bengaluru,49,24,70.2
27,Male,B.E,Security Engineer,Chennai,41,5,22.3
49,Male,B.Sc IT,Engineering Manager,Hyderabad,41,27,82.3
46,Female,MCA,Security Engineer,Gurugram,37,24,68.9
29,Female,MBA,DevOps Engineer,Noida,46,7,22.2
49,Male,B.Sc IT,Engineering Manager,Kolkata,52,27,99.4
23,Male,PhD,Product Manager,Noida,53,1,12.4
42,Male,B.Tech,Product Manager,Gurugram,35,20,53.5
38,Female,MBA,Backend Developer,Mumbai,51,16,44.4
30,Female,BCA,Software Engineer,Gurugram,51,8,22.8
24,Male,B.E,Software Engineer,Mumbai,39,2,14.2
49,Male,MBA,Security Engineer,Noida,35,27,80.8
29,Male,BCA,Cloud Architect,Noida,40,7,33.4
47,Female,B.Sc IT,Software Engineer,Mumbai,35,25,58.2
44,Male,MCA,Frontend Developer,Gurugram,53,22,60.7
27,Male,M.Tech,Cloud Architect,Noida,40,5,29.6
25,Male,B.E,QA Engineer,Mumbai,49,3,16.3
29,Female,B.E,Security Engineer,Noida,35,7,24.4
45,Male,MBA,Frontend Developer,Kolkata,37,23,72.3
45,Female,B.E,Backend Developer,Noida,44,23,54
26,Female,PhD,Engineering Manager,Bengaluru,50,4,37.4
34,Male,MCA,Cloud Architect,Noida,45,12,53.6
45,Male,BCA,Frontend Developer,Chennai,36,23,58.1
36,Male,B.E,Data Scientist,Mumbai,54,14,51.3
44,Male,B.E,Security Engineer,Hyderabad,50,22,74.2
28,Female,B.Tech,Backend Developer,Pune,48,6,18.2
34,Female,B.E,Security Engineer,Hyderabad,51,12,44.9
29,Female,B.E,Frontend Developer,Pune,46,7,18.2
23,Female,MBA,Data Scientist,Mumbai,37,1,21.2
27,Male,B.E,Product Manager,Gurugram,43,5,17.2
37,Male,B.Sc IT,Backend Developer,Noida,41,15,42.7
40,Female,MCA,Product Manager,Bengaluru,39,18,49.1
44,Male,BCA,Software Engineer,Pune,46,22,55.5
45,Female,PhD,Cloud Architect,Gurugram,42,23,65.2
38,Male,PhD,Product Manager,Kolkata,53,16,47.2
21,Male,MBA,Fullstack Developer,Hyderabad,35,0,12.4
36,Male,B.Tech,Data Scientist,Mumbai,54,14,53
21,Male,B.Sc IT,Security Engineer,Chennai,48,0,10.7
28,Male,B.Tech,Frontend Developer,Noida,47,6,19.8
35,Female,MCA,Fullstack Developer,Gurugram,44,13,31.5
28,Male,M.Tech,Security Engineer,Hyderabad,51,6,36.7
47,Female,B.E,Product Manager,Pune,42,25,65.8
34,Female,M.Tech,Fullstack Developer,Kolkata,43,12,34.2
29,Female,BCA,Data Scientist,Noida,50,7,27.8
37,Female,B.Sc IT,Engineering Manager,Mumbai,44,15,58.2
36,Male,MBA,Product Manager,Noida,54,14,47.3
22,Female,B.E,Data Scientist,Noida,37,0,11
23,Male,PhD,Engineering Manager,Mumbai,42,1,28.8
48,Female,B.Sc IT,Backend Developer,Mumbai,42,26,72.4
45,Male,PhD,Product Manager,Mumbai,35,23,71.4
46,Male,PhD,Frontend Developer,Pune,41,24,65.8
29,Male,B.Tech,Software Engineer,Chennai,36,7,19.1
25,Female,B.Tech,Frontend Developer,Kolkata,48,3,11.4
46,Male,BCA,Product Manager,Bengaluru,51,24,69.7
35,Male,B.Tech,Engineering Manager,Bengaluru,47,13,60.5
25,Female,PhD,DevOps Engineer,Mumbai,44,3,18.7
50,Male,B.E,Cloud Architect,Kolkata,49,28,92.4
34,Male,B.Tech,Engineering Manager,Bengaluru,36,12,59.7
22,Male,B.Tech,Engineering Manager,Bengaluru,54,0,22.8
28,Male,B.Sc IT,DevOps Engineer,Bengaluru,36,6,24.3
24,Female,B.Tech,Backend Developer,Mumbai,35,2,11.9
37,Female,B.Tech,Data Scientist,Bengaluru,37,15,43.2
23,Male,MBA,Fullstack Developer,Pune,50,1,10.8
50,Male,MBA,Security Engineer,Mumbai,54,28,91.7
40,Male,BCA,Security Engineer,Kolkata,39,18,58
21,Male,M.Tech,Engineering Manager,Hyderabad,43,0,28
30,Female,BCA,DevOps Engineer,Bengaluru,39,8,22.1
21,Female,B.E,Data Scientist,Hyderabad,46,0,16.2
47,Female,MCA,QA Engineer,Mumbai,50,25,69.3
23,Male,PhD,Data Scientist,Pune,50,1,23.1
34,Male,B.Tech,Engineering Manager,Chennai,49,12,52.6
31,Male,PhD,Data Scientist,Mumbai,45,9,40.6
23,Male,B.Sc IT,Product Manager,Mumbai,41,1,10.1
49,Male,B.E,Engineering Manager,Hyderabad,46,27,95.8
34,Female,B.Tech,Fullstack Developer,Hyderabad,52,12,38.5
22,Male,PhD,DevOps Engineer,Gurugram,46,0,10.9
23,Female,B.Tech,Product Manager,Hyderabad,38,1,9.2
39,Male,B.E,Cloud Architect,Bengaluru,39,17,59.5
27,Male,MBA,Frontend Developer,Hyderabad,46,5,20.2
37,Female,MCA,Frontend Developer,Mumbai,45,15,46.4
23,Male,B.Sc IT,Engineering Manager,Bengaluru,35,1,24.2
33,Male,MBA,Data Scientist,Bengaluru,39,11,39.6
42,Female,B.E,Cloud Architect,Noida,36,20,55.5
47,Male,M.Tech,Software Engineer,Bengaluru,47,25,67.6
26,Male,MCA,Data Scientist,Chennai,47,4,23.2
48,Male,M.Tech,Cloud Architect,Chennai,48,26,79.1
48,Female,B.Sc IT,Software Engineer,Chennai,38,26,61.3
44,Female,B.E,Backend Developer,Bengaluru,41,22,58.9
26,Female,BCA,Fullstack Developer,Bengaluru,45,4,17.2
34,Male,B.Tech,Fullstack Developer,Pune,45,12,33.4
40,Male,B.E,Engineering Manager,Kolkata,54,18,68.4
23,Male,MBA,DevOps Engineer,Noida,37,1,8.6
35,Female,B.Tech,Frontend Developer,Noida,41,13,28.1
40,Female,B.Tech,Product Manager,Pune,35,18,39.9
27,Male,B.E,Engineering Manager,Kolkata,43,5,27.8
46,Female,B.Tech,DevOps Engineer,Hyderabad,44,24,53.3
49,Female,B.E,Security Engineer,Gurugram,52,27,70.1
27,Female,PhD,Engineering Manager,Hyderabad,48,5,33.5
45,Female,BCA,Cloud Architect,Pune,46,23,76.8
22,Female,MCA,Cloud Architect,Mumbai,50,0,23.2
49,Male,M.Tech,Frontend Developer,Kolkata,52,27,68.9
24,Male,BCA,Frontend Developer,Noida,49,2,8.5
47,Male,B.Tech,Product Manager,Hyderabad,53,25,73.2
26,Male,MCA,Software Engineer,Gurugram,48,4,13
29,Male,B.E,Product Manager,Hyderabad,51,7,22.2
40,Male,M.Tech,Cloud Architect,Gurugram,54,18,70
47,Male,B.Sc IT,Engineering Manager,Bengaluru,54,25,93.5
39,Female,B.Sc IT,Security Engineer,Pune,35,17,49.7
25,Male,MBA,Software Engineer,Chennai,48,3,14.5
39,Male,MBA,QA Engineer,Mumbai,42,17,60.2
43,Male,B.E,Security Engineer,Gurugram,43,21,56.4
30,Female,B.Tech,Engineering Manager,Gurugram,50,8,32.7
27,Female,B.E,Security Engineer,Mumbai,42,5,25.8
44,Male,B.Sc IT,Security Engineer,Noida,45,22,59.4
32,Male,BCA,Fullstack Developer,Chennai,50,10,31.1
45,Male,B.E,Security Engineer,Kolkata,52,23,77.6
37,Female,MBA,Product Manager,Bengaluru,48,15,39.3
34,Male,M.Tech,Data Scientist,Gurugram,52,12,46.4
29,Male,M.Tech,Frontend Developer,Chennai,39,7,24.6
49,Male,B.Tech,DevOps Engineer,Hyderabad,52,27,79.9
43,Female,MBA,DevOps Engineer,Noida,38,21,49.9
30,Male,BCA,Engineering Manager,Gurugram,54,8,35.5
43,Female,MCA,Fullstack Developer,Noida,35,21,49.7
27,Male,BCA,Backend Developer,Noida,42,5,18.6
21,Male,B.E,Fullstack Developer,Noida,50,0,3.6
48,Female,BCA,DevOps Engineer,Chennai,45,26,64.9
28,Female,BCA,Engineering Manager,Gurugram,41,6,32.4
43,Female,MBA,Cloud Architect,Pune,37,21,63.3
21,Male,B.E,Frontend Developer,Hyderabad,51,0,8
30,Male,B.Sc IT,QA Engineer,Kolkata,43,8,26.6
25,Male,B.E,Fullstack Developer,Mumbai,54,3,14.2
44,Female,BCA,Backend Developer,Gurugram,49,22,49.6
21,Female,MCA,Engineering Manager,Bengaluru,37,0,18.2
25,Female,MCA,Cloud Architect,Bengaluru,37,3,24.5
46,Male,M.Tech,Cloud Architect,Pune,39,24,78.1
39,Male,M.Tech,Backend Developer,Kolkata,53,17,51
42,Female,MBA,Data Scientist,Noida,38,20,62.4
35,Male,MBA,Software Engineer,Gurugram,35,13,36.7
25,Female,MBA,Software Engineer,Pune,37,3,12.7
46,Female,MCA,DevOps Engineer,Kolkata,50,24,58.2
22,Female,B.Sc IT,Software Engineer,Noida,44,0,3.9
46,Male,BCA,Product Manager,Bengaluru,37,24,64.7
31,Male,B.E,DevOps Engineer,Bengaluru,51,9,30.9
26,Female,PhD,Backend Developer,Hyderabad,48,4,20
41,Female,MBA,Frontend Developer,Noida,48,19,43.5
25,Male,B.Tech,Data Scientist,Mumbai,54,3,26.6
44,Male,B.Sc IT,Product Manager,Mumbai,43,22,70.8
33,Male,PhD,Engineering Manager,Kolkata,42,11,50.6
48,Female,B.Sc IT,Product Manager,Pune,44,26,53
23,Male,PhD,Fullstack Developer,Hyderabad,46,1,16
44,Female,M.Tech,Data Scientist,Bengaluru,50,22,67.3
31,Male,M.Tech,Data Scientist,Gurugram,39,9,37.6
30,Male,BCA,DevOps Engineer,Chennai,50,8,26.8
40,Male,PhD,DevOps Engineer,Pune,47,18,57.5
48,Male,MCA,Backend Developer,Pune,49,26,60.6
49,Female,MCA,QA Engineer,Hyderabad,44,27,61.7
24,Male,MBA,Software Engineer,Pune,53,2,12.9
46,Male,MBA,Backend Developer,Noida,48,24,64.7
42,Male,PhD,Fullstack Developer,Gurugram,43,20,66.1
47,Female,B.Sc IT,Data Scientist,Noida,51,25,68.5
42,Female,M.Tech,Software Engineer,Gurugram,54,20,45.5
32,Female,B.Tech,Backend Developer,Hyderabad,44,10,29.1
40,Male,B.Tech,DevOps Engineer,Gurugram,36,18,47.8
31,Female,B.Sc IT,DevOps Engineer,Bengaluru,52,9,25
33,Female,B.Sc IT,Security Engineer,Chennai,50,11,38.7
32,Female,B.Sc IT,DevOps Engineer,Hyderabad,38,10,30.8
41,Male,BCA,Data Scientist,Pune,44,19,53.5
32,Male,B.Tech,Software Engineer,Bengaluru,45,10,31.9
26,Male,MCA,Data Scientist,Kolkata,50,4,23.4
22,Female,B.Sc IT,Product Manager,Gurugram,48,0,3.5
48,Male,PhD,Cloud Architect,Kolkata,43,26,104
33,Male,M.Tech,Software Engineer,Kolkata,38,11,34.6
30,Male,MCA,Security Engineer,Chennai,43,8,31.9
33,Female,MBA,Cloud Architect,Chennai,35,11,47
28,Female,MBA,Security Engineer,Hyderabad,39,6,32
38,Male,M.Tech,Product Manager,Noida,36,16,41.5
25,Male,B.Sc IT,Frontend Developer,Chennai,38,3,11.5
45,Male,MCA,Backend Developer,Pune,50,23,54.6
32,Male,BCA,Frontend Developer,Noida,54,10,29.2
44,Male,PhD,DevOps Engineer,Hyderabad,38,22,79.9
47,Male,M.Tech,DevOps Engineer,Pune,46,25,77.1
28,Female,B.E,Engineering Manager,Chennai,50,6,31
40,Female,M.Tech,Data Scientist,Pune,44,18,46.4
37,Male,M.Tech,Frontend Developer,Pune,35,15,44.2
23,Female,BCA,Engineering Manager,Chennai,42,1,19.9
25,Male,B.Tech,DevOps Engineer,Noida,37,3,10.1
43,Male,B.Tech,Software Engineer,Gurugram,47,21,64.5
32,Male,B.E,QA Engineer,Pune,43,10,32.9
39,Female,B.Sc IT,DevOps Engineer,Kolkata,39,17,44.3
36,Female,PhD,Product Manager,Chennai,39,14,42.5
47,Male,B.E,Security Engineer,Mumbai,38,25,67.4
43,Male,B.Tech,Fullstack Developer,Kolkata,41,21,50.4
40,Female,B.E,Cloud Architect,Noida,37,18,62.8
46,Male,B.E,Product Manager,Mumbai,40,24,75.4
27,Male,B.E,Data Scientist,Bengaluru,52,5,24.4
30,Male,PhD,Fullstack Developer,Gurugram,52,8,33.6
43,Male,MBA,Data Scientist,Noida,40,21,69.9
30,Male,MCA,Software Engineer,Mumbai,46,8,26.5
29,Male,B.Tech,Frontend Developer,Bengaluru,51,7,22.6
50,Male,MBA,Fullstack Developer,Noida,48,28,70.5
37,Female,PhD,Frontend Developer,Kolkata,45,15,48
24,Male,M.Tech,Fullstack Developer,Gurugram,50,2,13.8
42,Male,BCA,Fullstack Developer,Gurugram,49,20,59.7
29,Male,B.Tech,Frontend Developer,Pune,54,7,19.7
43,Female,MCA,Security Engineer,Pune,46,21,53.7
33,Female,M.Tech,Backend Developer,Gurugram,53,11,29.6
40,Male,BCA,Data Scientist,Mumbai,53,18,62.6
27,Male,MBA,Fullstack Developer,Hyderabad,41,5,25
44,Male,B.Tech,Product Manager,Kolkata,37,22,65.8
24,Male,B.Tech,Backend Developer,Gurugram,45,2,9.6
42,Female,MBA,Product Manager,Gurugram,51,20,56.6
50,Female,MBA,Software Engineer,Chennai,42,28,67.7
43,Male,MBA,Software Engineer,Hyderabad,52,21,68.6
36,Female,B.Sc IT,QA Engineer,Hyderabad,35,14,39
45,Male,MBA,Data Scientist,Pune,52,23,79.1
34,Female,B.Tech,Fullstack Developer,Chennai,49,12,29.2
50,Female,MBA,DevOps Engineer,Kolkata,46,28,63.7
23,Female,B.Tech,QA Engineer,Pune,53,1,5.9
32,Male,BCA,Data Scientist,Bengaluru,51,10,37.7
43,Female,MBA,Cloud Architect,Pune,37,21,57.6
36,Male,B.E,Product Manager,Hyderabad,49,14,42.1
33,Male,B.E,Backend Developer,Kolkata,41,11,28.5
38,Male,PhD,Software Engineer,Bengaluru,51,16,58.4
38,Female,PhD,Security Engineer,Gurugram,47,16,60.1
43,Female,B.Sc IT,Frontend Developer,Mumbai,44,21,58.6
50,Male,PhD,Frontend Developer,Noida,41,28,71.6
25,Male,B.E,Data Scientist,Gurugram,52,3,19.5
38,Male,B.Tech,Software Engineer,Hyderabad,49,16,43.5
50,Female,BCA,Product Manager,Mumbai,36,28,67.3
44,Male,B.Tech,Software Engineer,Pune,42,22,65.5
45,Female,BCA,Fullstack Developer,Gurugram,39,23,55.1
45,Female,B.E,Engineering Manager,Mumbai,37,23,70.9
50,Male,BCA,Cloud Architect,Gurugram,38,28,98.1
39,Male,MBA,Cloud Architect,Gurugram,48,17,61.7
29,Male,B.Sc IT,Data Scientist,Pune,45,7,33.5
37,Male,B.Tech,Software Engineer,Hyderabad,51,15,38.9
30,Male,B.E,Software Engineer,Kolkata,52,8,26.1
42,Male,B.Sc IT,Security Engineer,Kolkata,44,20,56.9
40,Male,MCA,Engineering Manager,Chennai,52,18,69.3
34,Male,M.Tech,Security Engineer,Mumbai,41,12,54.2
39,Male,MCA,Fullstack Developer,Bengaluru,43,17,49.3
25,Female,B.E,Fullstack Developer,Kolkata,35,3,11.5
45,Male,MCA,DevOps Engineer,Mumbai,52,23,61.8
27,Female,M.Tech,Cloud Architect,Mumbai,40,5,37.1
27,Male,PhD,Product Manager,Kolkata,46,5,23.5
31,Male,MBA,Fullstack Developer,Bengaluru,53,9,33.4
28,Male,MCA,Frontend Developer,Kolkata,36,6,19.3
26,Female,BCA,DevOps Engineer,Bengaluru,54,4,15.5
23,Female,MCA,Software Engineer,Chennai,39,1,5.8
48,Male,B.Sc IT,Product Manager,Mumbai,45,26,78.1
39,Female,BCA,Frontend Developer,Bengaluru,44,17,40.3
27,Female,B.E,Data Scientist,Mumbai,51,5,28.4
34,Female,MCA,Engineering Manager,Hyderabad,54,12,52.3
32,Male,B.Tech,DevOps Engineer,Hyderabad,37,10,37.5
37,Female,BCA,Fullstack Developer,Chennai,41,15,33.8
48,Male,B.Sc IT,Engineering Manager,Bengaluru,40,26,90.7
29,Female,M.Tech,Data Scientist,Noida,41,7,26.7
39,Male,M.Tech,Engineering Manager,Chennai,37,17,55.4
46,Male,B.Sc IT,Software Engineer,Noida,39,24,65.6
25,Male,BCA,Software Engineer,Pune,45,3,13.2
29,Female,MCA,Product Manager,Mumbai,47,7,19.6
24,Female,B.E,Frontend Developer,Mumbai,48,2,12.4
27,Female,B.E,Cloud Architect,Kolkata,38,5,26.3
43,Female,PhD,Frontend Developer,Noida,43,21,63.1
43,Male,B.Tech,Product Manager,Mumbai,41,21,55.3
39,Male,MBA,Backend Developer,Kolkata,50,17,47.7
21,Female,M.Tech,Data Scientist,Bengaluru,50,0,19.4
45,Female,MBA,Frontend Developer,Gurugram,53,23,56.4
30,Male,BCA,Backend Developer,Pune,46,8,21
39,Male,BCA,Product Manager,Gurugram,46,17,45.5
27,Male,B.Tech,QA Engineer,Bengaluru,50,5,18.1
35,Female,B.E,DevOps Engineer,Chennai,52,13,34.4
41,Male,PhD,Backend Developer,Mumbai,50,19,53.2
50,Male,B.Tech,Data Scientist,Pune,50,28,78.4
41,Male,M.Tech,QA Engineer,Chennai,49,19,52
33,Female,B.Sc IT,Product Manager,Noida,38,11,26.9
26,Male,MBA,Fullstack Developer,Chennai,45,4,18.9
48,Male,M.Tech,Software Engineer,Kolkata,54,26,82.7
33,Male,B.Sc IT,Software Engineer,Mumbai,38,11,38.6
32,Female,B.Sc IT,Frontend Developer,Hyderabad,51,10,33.7
38,Female,M.Tech,Software Engineer,Bengaluru,45,16,39
34,Female,B.Tech,Product Manager,Noida,46,12,31.4
50,Female,B.Sc IT,Fullstack Developer,Chennai,41,28,60.1
45,Male,B.E,Engineering Manager,Hyderabad,49,23,88.5
45,Male,PhD,Backend Developer,Mumbai,48,23,67.8
50,Male,B.E,Data Scientist,Noida,47,28,87.4
47,Male,BCA,QA Engineer,Pune,47,25,71.4
47,Male,B.Sc IT,Data Scientist,Noida,53,25,82.4
46,Female,PhD,Engineering Manager,Noida,42,24,75
46,Female,PhD,DevOps Engineer,Noida,41,24,64.3
50,Male,MCA,Engineering Manager,Mumbai,41,28,85.8
28,Female,MBA,QA Engineer,Kolkata,42,6,16.9
49,Female,B.Tech,Engineering Manager,Gurugram,52,27,76
35,Male,B.Sc IT,Fullstack Developer,Hyderabad,37,13,43.9
49,Female,BCA,Backend Developer,Chennai,54,27,59.8
38,Female,B.Tech,QA Engineer,Kolkata,36,16,44.7
30,Female,MCA,Data Scientist,Pune,49,8,24.9
41,Female,MBA,Cloud Architect,Mumbai,50,19,69
34,Male,B.E,Data Scientist,Gurugram,47,12,40.7
29,Female,B.E,DevOps Engineer,Bengaluru,51,7,21.9
25,Male,B.E,Frontend Developer,Hyderabad,48,3,14
45,Male,B.E,Backend Developer,Pune,35,23,68.2
24,Female,B.Tech,Cloud Architect,Mumbai,45,2,25
45,Male,BCA,Fullstack Developer,Noida,38,23,63.8
29,Female,B.Sc IT,QA Engineer,Pune,52,7,19.2
26,Male,B.Tech,DevOps Engineer,Mumbai,35,4,20.4
42,Male,PhD,Security Engineer,Hyderabad,36,20,62.5
43,Male,B.Tech,Data Scientist,Mumbai,43,21,72.4
24,Female,BCA,Security Engineer,Pune,52,2,13.4
49,Male,MBA,Cloud Architect,Gurugram,52,27,97
32,Male,B.Sc IT,DevOps Engineer,Gurugram,49,10,32.8
41,Male,MBA,Engineering Manager,Bengaluru,45,19,73.6
26,Male,M.Tech,Software Engineer,Hyderabad,42,4,19
41,Male,B.E,Backend Developer,Kolkata,49,19,45.3
38,Female,B.Sc IT,Engineering Manager,Kolkata,36,16,55.1
29,Male,B.E,QA Engineer,Chennai,40,7,18.7
29,Male,B.Tech,Product Manager,Bengaluru,50,7,25.6
46,Female,M.Tech,Cloud Architect,Mumbai,42,24,66.5
38,Male,PhD,Product Manager,Noida,41,16,51.5
27,Male,B.E,Cloud Architect,Pune,54,5,27.9
46,Female,B.E,DevOps Engineer,Pune,40,24,57
40,Female,MBA,Backend Developer,Pune,44,18,53.5
38,Male,B.Tech,QA Engineer,Hyderabad,51,16,42
23,Male,BCA,QA Engineer,Gurugram,41,1,6.9
30,Male,MCA,Fullstack Developer,Kolkata,40,8,25.5
25,Female,PhD,Fullstack Developer,Gurugram,47,3,16.5
21,Male,B.Tech,Software Engineer,Chennai,35,0,3.5
44,Male,PhD,Data Scientist,Noida,47,22,74.7
48,Male,B.E,Frontend Developer,Bengaluru,41,26,63.5
33,Male,B.Tech,Cloud Architect,Bengaluru,39,11,47.5
30,Male,BCA,Fullstack Developer,Kolkata,47,8,22.4
39,Male,MCA,DevOps Engineer,Bengaluru,47,17,52.8
35,Male,MBA,QA Engineer,Noida,54,13,38.2
31,Female,B.E,Fullstack Developer,Hyderabad,51,9,23.5
36,Male,PhD,Cloud Architect,Gurugram,37,14,64.4
35,Male,BCA,Frontend Developer,Gurugram,39,13,40.7
32,Female,B.Sc IT,Data Scientist,Pune,51,10,32.8
30,Male,B.Sc IT,Backend Developer,Bengaluru,35,8,28.2
33,Male,BCA,Frontend Developer,Bengaluru,43,11,35.1
38,Male,B.Sc IT,Cloud Architect,Pune,54,16,61.3
26,Female,M.Tech,Frontend Developer,Gurugram,38,4,17.2
36,Male,MBA,Product Manager,Noida,43,14,47
36,Female,BCA,Engineering Manager,Gurugram,44,14,55
38,Female,PhD,Software Engineer,Kolkata,53,16,43.4
23,Male,MCA,Cloud Architect,Pune,54,1,21.6
36,Female,MCA,QA Engineer,Kolkata,45,14,33.5
33,Female,MCA,Engineering Manager,Chennai,52,11,45.2
23,Male,B.E,Cloud Architect,Chennai,46,1,23.1
43,Male,MCA,Data Scientist,Chennai,44,21,55.6
28,Male,M.Tech,Product Manager,Chennai,53,6,25.2
37,Male,M.Tech,QA Engineer,Noida,54,15,49.1
49,Female,B.Tech,Product Manager,Kolkata,35,27,72.8
44,Male,BCA,DevOps Engineer,Bengaluru,43,22,65.9
48,Female,PhD,Data Scientist,Gurugram,54,26,68.1
45,Female,BCA,Fullstack Developer,Mumbai,37,23,58.3
38,Male,MCA,Engineering Manager,Gurugram,47,16,63
49,Male,B.Sc IT,Engineering Manager,Hyderabad,43,27,101.5
23,Male,MBA,Software Engineer,Gurugram,44,1,9.6
25,Female,B.Sc IT,DevOps Engineer,Chennai,45,3,9.6
39,Male,PhD,Data Scientist,Pune,51,17,53.2
36,Male,MCA,Data Scientist,Bengaluru,48,14,48.8
38,Male,MCA,Cloud Architect,Mumbai,40,16,66.6
38,Male,PhD,Fullstack Developer,Chennai,50,16,48.3
39,Female,BCA,Security Engineer,Hyderabad,38,17,54.7
34,Female,MCA,Engineering Manager,Hyderabad,50,12,42.8
46,Male,PhD,Backend Developer,Gurugram,49,24,72.2
39,Male,PhD,Frontend Developer,Mumbai,39,17,56.9
31,Male,M.Tech,Backend Developer,Kolkata,37,9,33.4
27,Male,B.E,Cloud Architect,Bengaluru,46,5,36.2
35,Male,PhD,Fullstack Developer,Bengaluru,48,13,48.7
23,Male,M.Tech,Engineering Manager,Pune,43,1,24.7
40,Male,B.Sc IT,Fullstack Developer,Bengaluru,37,18,54.7
36,Male,B.E,Engineering Manager,Noida,41,14,54.7
33,Male,B.E,Data Scientist,Mumbai,54,11,42.2
50,Male,PhD,QA Engineer,Noida,53,28,88.7
43,Female,B.Tech,Product Manager,Pune,54,21,55.2
22,Female,MCA,Fullstack Developer,Hyderabad,54,0,8.2
48,Female,BCA,Data Scientist,Hyderabad,36,26,62.7
35,Male,B.Sc IT,Cloud Architect,Mumbai,39,13,52.2
40,Female,BCA,Frontend Developer,Bengaluru,50,18,46.7
42,Female,B.Sc IT,Engineering Manager,Hyderabad,43,20,57.4
36,Male,B.E,Product Manager,Hyderabad,48,14,47.5
48,Female,BCA,Frontend Developer,Chennai,46,26,66.9
50,Male,MCA,Data Scientist,Chennai,40,28,72.8
23,Female,PhD,Engineering Manager,Kolkata,54,1,23.7
24,Female,B.Tech,Cloud Architect,Gurugram,36,2,22.8
40,Female,MCA,Cloud Architect,Pune,42,18,57.5
23,Male,MBA,Frontend Developer,Gurugram,35,1,8.5
40,Male,B.Sc IT,Fullstack Developer,Hyderabad,36,18,48.7
40,Female,MCA,Data Scientist,Chennai,38,18,53.9
37,Male,MBA,QA Engineer,Mumbai,40,15,50.9
32,Female,M.Tech,Backend Developer,Hyderabad,49,10,28.5
37,Male,PhD,Cloud Architect,Mumbai,39,15,72
37,Male,M.Tech,Frontend Developer,Pune,39,15,43.8
26,Male,M.Tech,DevOps Engineer,Gurugram,35,4,16.5
35,Male,B.E,DevOps Engineer,Bengaluru,38,13,43
43,Male,MCA,Security Engineer,Pune,49,21,65.3
47,Male,B.E,Software Engineer,Noida,40,25,76
27,Male,B.Sc IT,Fullstack Developer,Gurugram,53,5,17.1
46,Female,MCA,Product Manager,Pune,43,24,57.2
21,Female,MBA,Backend Developer,Mumbai,44,0,10.1
38,Female,B.Tech,QA Engineer,Noida,48,16,39.8
26,Female,PhD,Data Scientist,Chennai,54,4,29
21,Male,M.Tech,QA Engineer,Mumbai,50,0,10.2
28,Male,PhD,Engineering Manager,Kolkata,37,6,41.9
45,Male,MBA,Product Manager,Mumbai,53,23,65.3
35,Female,MBA,Backend Developer,Noida,44,13,35.2
38,Male,MCA,Fullstack Developer,Noida,51,16,49
48,Female,B.Sc IT,DevOps Engineer,Hyderabad,49,26,60.7
45,Male,B.Sc IT,Data Scientist,Mumbai,36,23,78.2
22,Female,B.Tech,Fullstack Developer,Mumbai,39,0,7.7
39,Female,B.Tech,Backend Developer,Chennai,43,17,46.2
45,Female,M.Tech,DevOps Engineer,Bengaluru,39,23,54.8
41,Male,B.E,Frontend Developer,Bengaluru,48,19,62.9
41,Female,B.Sc IT,Security Engineer,Hyderabad,53,19,62
33,Male,B.Sc IT,Engineering Manager,Chennai,36,11,44
30,Male,MCA,Software Engineer,Noida,45,8,21.2
23,Male,B.Sc IT,Engineering Manager,Hyderabad,48,1,27.7
31,Male,B.Sc IT,Data Scientist,Bengaluru,38,9,38.7
35,Male,B.Tech,Security Engineer,Bengaluru,51,13,54.4
31,Female,MCA,QA Engineer,Bengaluru,51,9,27.3
46,Male,BCA,Product Manager,Kolkata,36,24,71.8
49,Female,PhD,Backend Developer,Bengaluru,53,27,79.5
42,Male,MCA,Software Engineer,Pune,35,20,48.1
32,Male,MBA,Frontend Developer,Kolkata,51,10,28.9
44,Male,PhD,Fullstack Developer,Mumbai,52,22,74.9
21,Male,MBA,Backend Developer,Kolkata,49,0,7.7
43,Female,M.Tech,Engineering Manager,Gurugram,41,21,70.7
40,Female,B.Tech,Product Manager,Noida,49,18,44
23,Male,M.Tech,Product Manager,Noida,49,1,8.5
39,Female,BCA,Frontend Developer,Bengaluru,47,17,41.3
38,Male,B.Sc IT,DevOps Engineer,Pune,52,16,46.5
22,Female,B.Sc IT,Software Engineer,Mumbai,52,0,8
42,Male,BCA,Frontend Developer,Mumbai,54,20,59.5
24,Male,MBA,Security Engineer,Noida,38,2,22.3
33,Male,M.Tech,Software Engineer,Hyderabad,37,11,40.9
48,Male,BCA,Frontend Developer,Pune,52,26,67.6
27,Male,MBA,Engineering Manager,Bengaluru,43,5,33.8
47,Male,B.E,Engineering Manager,Kolkata,41,25,73.2
48,Male,B.Tech,Engineering Manager,Noida,54,26,84.9
47,Male,MCA,Data Scientist,Mumbai,51,25,76.1
49,Male,PhD,QA Engineer,Bengaluru,42,27,84.9
50,Male,B.Sc IT,Software Engineer,Hyderabad,36,28,76.4
50,Male,B.E,Software Engineer,Noida,44,28,81.9
33,Female,BCA,Data Scientist,Chennai,43,11,36.4
37,Male,M.Tech,QA Engineer,Mumbai,52,15,43.4
25,Male,B.Sc IT,Frontend Developer,Chennai,49,3,12
26,Female,M.Tech,QA Engineer,Hyderabad,46,4,20.6
33,Female,MCA,Software Engineer,Gurugram,53,11,31.6
32,Female,B.Tech,DevOps Engineer,Kolkata,37,10,24.1
47,Male,B.E,Backend Developer,Gurugram,54,25,57.5
46,Male,MCA,Software Engineer,Hyderabad,35,24,75
24,Male,B.Tech,Data Scientist,Pune,53,2,18.4
26,Female,MCA,Product Manager,Gurugram,50,4,13.9
40,Male,B.Tech,Fullstack Developer,Chennai,39,18,44.1
36,Male,M.Tech,DevOps Engineer,Bengaluru,45,14,51.2
49,Male,MCA,Cloud Architect,Mumbai,52,27,87.3
44,Male,PhD,Backend Developer,Hyderabad,54,22,79.2
36,Female,M.Tech,Product Manager,Gurugram,51,14,32.2
29,Female,B.E,DevOps Engineer,Hyderabad,49,7,19.6
42,Male,BCA,Frontend Developer,Noida,46,20,61.2
31,Female,MCA,Frontend Developer,Noida,38,9,25.6
43,Male,B.Tech,Product Manager,Noida,52,21,59.5
27,Female,B.Tech,Product Manager,Noida,47,5,14.7
43,Male,BCA,Product Manager,Bengaluru,35,21,58.1
29,Male,M.Tech,Cloud Architect,Chennai,50,7,36.9
33,Male,PhD,QA Engineer,Pune,45,11,35.7
37,Male,MCA,Backend Developer,Kolkata,50,15,38.9
49,Female,B.Tech,Security Engineer,Hyderabad,40,27,72.8
30,Female,MCA,Cloud Architect,Mumbai,37,8,41.4
42,Female,B.Sc IT,Cloud Architect,Noida,44,20,64.9
34,Male,B.Sc IT,Engineering Manager,Pune,45,12,51.9
34,Male,B.Tech,Cloud Architect,Chennai,51,12,47.4
41,Female,B.Sc IT,Data Scientist,Noida,45,19,46.4
47,Female,M.Tech,QA Engineer,Hyderabad,49,25,59.4
33,Female,B.E,Security Engineer,Kolkata,37,11,31.2
28,Female,MBA,Product Manager,Gurugram,36,6,16.9
41,Female,B.Sc IT,Software Engineer,Mumbai,46,19,50.4
22,Male,MBA,Frontend Developer,Noida,47,0,7
21,Male,BCA,Software Engineer,Chennai,49,0,3.8
26,Female,MCA,Backend Developer,Bengaluru,49,4,14.7
24,Male,B.Tech,Engineering Manager,Bengaluru,44,2,27.5
50,Female,MCA,Engineering Manager,Hyderabad,38,28,78.5
45,Male,PhD,Product Manager,Hyderabad,38,23,75
34,Male,MCA,Frontend Developer,Hyderabad,38,12,38.9
28,Male,MCA,Product Manager,Bengaluru,45,6,23.4
39,Female,MCA,Product Manager,Hyderabad,38,17,49.5
44,Male,BCA,Cloud Architect,Hyderabad,52,22,69.2
44,Male,B.Sc IT,Data Scientist,Bengaluru,40,22,75.1
44,Female,MBA,QA Engineer,Bengaluru,53,22,61.6
49,Male,B.E,Fullstack Developer,Noida,39,27,82.2
23,Male,BCA,DevOps Engineer,Hyderabad,36,1,10.8
25,Male,PhD,Backend Developer,Gurugram,41,3,19
30,Male,B.E,Software Engineer,Mumbai,50,8,31.7
22,Female,BCA,Backend Developer,Kolkata,47,0,3.6
47,Male,PhD,Backend Developer,Chennai,48,25,73.8
43,Female,PhD,Data Scientist,Mumbai,39,21,60.7
48,Female,MBA,QA Engineer,Hyderabad,35,26,76.5
22,Male,MCA,DevOps Engineer,Mumbai,48,0,7.7
45,Male,B.Tech,Cloud Architect,Gurugram,40,23,80.9
47,Female,MBA,DevOps Engineer,Kolkata,52,25,62.8
40,Male,PhD,Product Manager,Kolkata,39,18,50.8
42,Male,B.Tech,Frontend Developer,Kolkata,48,20,53.5
22,Male,B.Sc IT,Engineering Manager,Kolkata,47,0,18
42,Female,B.E,Fullstack Developer,Mumbai,44,20,53
22,Female,B.Sc IT,Data Scientist,Chennai,37,0,11.2
31,Female,PhD,Frontend Developer,Pune,37,9,34.5
38,Female,BCA,QA Engineer,Kolkata,35,16,36.7
37,Male,BCA,Data Scientist,Kolkata,40,15,46.3
29,Female,BCA,Security Engineer,Hyderabad,39,7,26.3
29,Male,BCA,Cloud Architect,Hyderabad,38,7,37.1
47,Male,MCA,Data Scientist,Gurugram,54,25,71.6
30,Male,MCA,Backend Developer,Chennai,39,8,22.3
42,Male,B.Tech,Backend Developer,Kolkata,42,20,61.9
44,Male,B.Sc IT,Backend Developer,Chennai,51,22,64.7
37,Female,MBA,Frontend Developer,Chennai,45,15,38.2
42,Male,B.E,Engineering Manager,Kolkata,38,20,74.5
36,Female,BCA,Engineering Manager,Gurugram,37,14,46.2
22,Male,B.Tech,Frontend Developer,Chennai,48,0,4.5
39,Male,MBA,Product Manager,Noida,51,17,44.7
28,Male,B.E,Fullstack Developer,Chennai,47,6,16.7
39,Female,MBA,Backend Developer,Chennai,51,17,41
28,Male,MCA,Frontend Developer,Chennai,54,6,21.8
30,Male,B.E,QA Engineer,Hyderabad,42,8,24.2
43,Male,B.E,Data Scientist,Bengaluru,46,21,65.5
29,Male,B.Sc IT,Security Engineer,Pune,40,7,32.1
36,Female,B.Tech,Software Engineer,Chennai,46,14,39.8
28,Female,MBA,Cloud Architect,Chennai,51,6,30.1
30,Female,MCA,DevOps Engineer,Mumbai,47,8,26.2
21,Female,B.Tech,QA Engineer,Hyderabad,46,0,7.5
21,Male,MCA,Fullstack Developer,Kolkata,40,0,4.4
22,Female,MCA,Frontend Developer,Kolkata,51,0,3.6
23,Male,B.Sc IT,Frontend Developer,Kolkata,50,1,6.8
35,Female,M.Tech,Data Scientist,Mumbai,54,13,41
22,Male,MBA,Engineering Manager,Noida,39,0,23.4
35,Female,B.Tech,Product Manager,Bengaluru,54,13,37.2
49,Female,BCA,Backend Developer,Pune,48,27,59.1
36,Female,BCA,Cloud Architect,Gurugram,41,14,52.4
21,Male,B.Sc IT,Product Manager,Mumbai,54,0,7.8
23,Male,B.E,DevOps Engineer,Chennai,52,1,7.2
24,Female,B.Sc IT,Product Manager,Mumbai,49,2,12.6
43,Male,M.Tech,Security Engineer,Mumbai,46,21,74.9
36,Female,PhD,Frontend Developer,Mumbai,51,14,50.4
38,Male,BCA,QA Engineer,Mumbai,47,16,42.3
50,Male,MBA,Fullstack Developer,Noida,53,28,69.3
24,Female,B.Tech,Engineering Manager,Bengaluru,41,2,22.9
27,Female,B.Tech,Frontend Developer,Chennai,54,5,17
25,Male,M.Tech,Security Engineer,Bengaluru,41,3,23.4
28,Male,B.E,Cloud Architect,Hyderabad,45,6,34.7
35,Male,M.Tech,Software Engineer,Noida,39,13,39.8
35,Male,B.Tech,QA Engineer,Noida,50,13,39.8
21,Female,B.Tech,QA Engineer,Pune,45,0,3.2
21,Male,PhD,Security Engineer,Pune,49,0,20.2
42,Female,MCA,Fullstack Developer,Mumbai,49,20,51.6
40,Male,B.Sc IT,Fullstack Developer,Kolkata,40,18,44.2
49,Male,BCA,Security Engineer,Bengaluru,48,27,73
43,Male,M.Tech,QA Engineer,Gurugram,43,21,59.3
33,Female,PhD,QA Engineer,Chennai,51,11,34.1
26,Female,BCA,Security Engineer,Chennai,54,4,20.8
29,Female,M.Tech,Frontend Developer,Chennai,47,7,22.2
23,Male,BCA,Frontend Developer,Gurugram,36,1,6.9
36,Male,MBA,QA Engineer,Mumbai,48,14,40.3
34,Male,B.Sc IT,DevOps Engineer,Hyderabad,52,12,39.8
50,Male,B.E,Software Engineer,Pune,42,28,62.9
49,Female,B.Sc IT,Cloud Architect,Mumbai,42,27,70.2
25,Female,PhD,Security Engineer,Hyderabad,52,3,28.5
34,Female,B.E,Data Scientist,Gurugram,39,12,33
36,Male,M.Tech,Security Engineer,Kolkata,41,14,46.9
35,Male,BCA,Backend Developer,Hyderabad,35,13,43.1
35,Female,M.Tech,Product Manager,Kolkata,53,13,40.4
36,Male,BCA,Cloud Architect,Kolkata,40,14,47.6
21,Male,M.Tech,Backend Developer,Bengaluru,41,0,11.8
39,Male,PhD,Frontend Developer,Mumbai,41,17,54.5
42,Female,M.Tech,Product Manager,Kolkata,42,20,55.2
38,Female,B.Tech,Security Engineer,Noida,39,16,49.2
32,Male,M.Tech,Cloud Architect,Mumbai,38,10,47.8
31,Male,BCA,DevOps Engineer,Hyderabad,49,9,35
28,Male,BCA,Cloud Architect,Mumbai,47,6,40.8
23,Female,B.Tech,Product Manager,Gurugram,46,1,5.2
25,Male,PhD,DevOps Engineer,Chennai,40,3,20.5
22,Female,B.E,Fullstack Developer,Chennai,42,0,3.6
21,Female,MCA,DevOps Engineer,Kolkata,46,0,3.8
25,Male,MCA,QA Engineer,Gurugram,36,3,10.3